,age,entId,eventContent,eventEndDate,eventEndTime,eventNm,eventStartDate,eventTime,fee,hoseInstitution,latitude,longitude,managementDept,note,phoneNum,place,rateInfo,roadNameAddress
0,가족,420939,작품 전시,2020-11-01,19:30,앤서니 브라운의 행복극장전,2020-07-30,11:00,성인 1만원청소년 8천원,현대예술관,35.5229915120,129.4310069881,현대예술관,매주 화~일(월 쉼),052-209-7820,현대예술관미술관,유료,울산광역시 동구 명덕로 12
1,,420938,동호인 축제,2020-11-08,18:00,제3회 울산광역시 생활문화동호회 페스티벌,2020-11-07,13:00,,울산문화재단,35.54290013,129.3270779,울산문화재단,,052-259-1710,태화강국가정원,무료,
2,지역주민,420937,전시 및 체험,2020-09-25,18:00,도서관주관 독서의달<도심내 전통시장 책 나들이>,2020-09-19,10:00,,울산중부도서관,35.55359511,129.3215056,울산중부도서관,독서의달 행사,052-210-6539,큰애기 야시장 쉼터,무료,울산광역시 중구 시계탑거리 38
3,,420936,다양한 문화체험행사,2020-09-20,18:00,도심 내 전통시장 책 나들이,2020-05-30,09:00,,울산중부도서관,35.55359511,129.3215056,울산중부도서관,,052-210-6538,큰애기 야시장 쉼터,무료,울산광역시 중구 시계탑거리 38
4,누구나,420935,인권도서 전시회 「인권도 차별이 되나요?」,2020-09-29,18:00,독서의 달 프로그램,2020-09-01,09:00,,중앙도서관,35.5841904157,129.3672880294,중앙도서관,,052-241-7407,중앙도서관 종합자료실 및 로비 전시서가,무료,울산광역시 북구 두부곡1길 9
5,누구나,420934,"우리지역 바로 알기 퀴즈 「어서 와, 울산 북구는 처음이지?」",2020-09-20,18:00,독서의 달 프로그램,2020-09-01,09:00,,중앙도서관,35.5841904157,129.3672880294,중앙도서관,2020-09-23 추첨,052-241-7412,중앙도서관 자료실,무료,울산광역시 북구 두부곡1길 9
6,36개월~초등전학년,420933,북스타트 보물상자 &  책날개 꾸러미 배부,2020-09-23,18:00,독서의 달 프로그램,2020-09-01,09:00,,중앙도서관,35.5841904157,129.3672880294,중앙도서관,"2020-09-23 추첨, 마감 시 조기 종료",052-241-7415,중앙도서관 1층 어린이자료실,무료,울산광역시 북구 두부곡1길 9
7,누구나,420932,「집에서 책이랑 놀자  슬기로운 독서생활」,2020-09-23,18:00,독서의 달 프로그램,2020-09-01,09:00,,중앙도서관,35.5841904157,129.3672880294,중앙도서관,"2020-09-23 추첨, 마감 시 조기 종료",052-241-7412,중앙도서관 1층 어린이자료실,무료,울산광역시 북구 두부곡1길 9
8,성인,420931,「마음을 다해 대충하는 미니멀라이프」 밀리카 작가와의 만남,2020-09-25,15:00,밀리카 작가와의 만남,2020-09-25,13:30,,중앙도서관,35.5841904157,129.3672880294,중앙도서관,1일 특강,052-241-7407,중앙도서관 1층 세미나실,무료,울산광역시 북구 두부곡1길 9
9,성인,420930,「일상에서 즐기는 보자기 아트」,2020-09-23,12:00,독서의 달 프로그램,2020-09-23,10:30,,중앙도서관,35.5841904157,129.3672880294,중앙도서관,1일 특강,052-241-7407,중앙도서관 1층 세미나실,무료,울산광역시 북구 두부곡1길 9
10,초등학생 및학부모,420929,「우리를 행복하게 하는 책읽기의 즐거움」 채인선 작가와의 만남,2020-09-19,15:00,채인선 작가와의 만남,2020-09-19,13:30,,중앙도서관,35.5841904157,129.3672880294,중앙도서관,1일 특강,052-241-7407,중앙도서관 1층 세미나실,무료,울산광역시 북구 두부곡1길 9
11,초등전학년,420928,「펄러비즈로 만나보는  멸종동물 이야기」,2020-09-17,18:00,독서의 달 프로그램,2020-09-17,16:30,,중앙도서관,35.5841904157,129.3672880294,중앙도서관,1일 특강,052-241-7407,중앙도서관 1층 세미나실,무료,울산광역시 북구 두부곡1길 9
12,성인,420927,「코로나OUT내 손으로 필터마스크 만들기」,2020-09-15,12:00,독서의 달 프로그램,2020-09-15,10:00,,중앙도서관,35.5841904157,129.3672880294,중앙도서관,1일 특강,052-241-7407,중앙도서관 1층 세미나실,무료,울산광역시 북구 두부곡1길 9
13,성인,420926,북구의 책「나도 선량한 차별주의자일까?」,2020-09-03,12:00,독서의 달 프로그램,2020-09-03,10:00,,중앙도서관,35.5841904157,129.3672880294,중앙도서관,1일 특강,052-241-7407,중앙도서관 1층 세미나실,무료,울산광역시 북구 두부곡1길 9
14,아동,420925,나 혼자 한다 : 1인용 보드게임&퍼즐,2020-09-26,12:00,여름학기 교육문화프로그램,2020-07-25,10:30,재료비 1만 2천원,중앙도서관,35.5841904157,129.3672880294,중앙도서관,매주 토,052-241-7407,중앙도서관 1층 세미나실,유료,울산광역시 북구 두부곡1길 9
15,아동,420924,책 더하기 미술,2020-09-26,16:00,여름학기 교육문화프로그램,2020-07-25,14:30,재료비 2만원,중앙도서관,35.5841904157,129.3672880294,중앙도서관,매주 토,052-241-7407,중앙도서관 1층 세미나실,유료,울산광역시 북구 두부곡1길 9
16,성인,420923,어반스케치,2020-09-25,12:00,여름학기 교육문화프로그램,2020-07-24,10:00,수강료 무료 및 재료 준비 별도,중앙도서관,35.5841904157,129.3672880294,중앙도서관,매주 금,052-241-7407,중앙도서관 1층 세미나실,유료,울산광역시 북구 두부곡1길 9
17,아동,420922,(특강) 신비한 한국사 인물 사전,2020-09-24,17:20,여름학기 교육문화프로그램,2020-07-23,16:30,재료비 1만원,중앙도서관,35.5841904157,129.3672880294,중앙도서관,매주 목,052-241-7407,중앙도서관 1층 세미나실,유료,울산광역시 북구 두부곡1길 9
18,누구나,420921,포토존 & 원화전시 「기이한 DMZ 생태공원」,2020-09-29,18:00,독서의 달 프로그램,2020-09-01,09:00,,중앙도서관,35.5841904157,129.3672880294,중앙도서관,,052-241-7407,중앙도서관 1층 로비,무료,울산광역시 북구 두부곡1길 9
19,누구나,420920,북큐레이션 「Save Together」,2020-09-29,18:00,독서의 달 프로그램,2020-09-01,09:00,,중앙도서관,35.5841904157,129.3672880294,중앙도서관,,052-241-7407,중앙도서관 1층 로비,무료,울산광역시 북구 두부곡1길 9
20,누구나,420919,업사이클링 체험「무엇이든 책갈피로 만들어드립니다」,2020-09-29,18:00,독서의 달 프로그램,2020-09-01,09:00,,중앙도서관,35.5841904157,129.3672880294,중앙도서관,2020-09-23 추첨,052-241-7412,중앙도서관 1층 로비,무료,울산광역시 북구 두부곡1길 9
21,누구나,420918,과년호 잡지 나눔 행사,2020-09-19,18:00,독서의 달 프로그램,2020-09-19,10:00,,중앙도서관,35.5841904157,129.3672880294,중앙도서관,2020-09-23 추첨,052-241-7412,중앙도서관 1층 로비,무료,울산광역시 북구 두부곡1길 9
22,지역주민,420917,감상평 쓰기,2020-09-27,18:00,한줄 감상평 책나무,2020-09-06,09:00,,울산중부도서관,35.55359511,129.3215056,울산중부도서관,독서의달 행사,052-210-6534,중부도서관종합자료실,무료,울산광역시 중구 시계탑거리 38
23,지역주민,420916,올해의 책 1권 추가 대출,2020-09-27,18:00,올해의 책5+1 대출이벤트,2020-09-06,09:00,,울산중부도서관,35.55359511,129.3215056,울산중부도서관,독서의달 행사,052-210-6534,중부도서관종합자료실,무료,울산광역시 중구 시계탑거리 38
24,지역주민,420915,당일 10번째 대출자에게 기념품 증정,2020-09-27,18:00,대출하 GO 선물받 GO,2020-09-06,09:00,,울산중부도서관,35.55359511,129.3215056,울산중부도서관,독서의달 행사,052-210-6534,중부도서관종합자료실,무료,울산광역시 중구 시계탑거리 38
25,영유아,420914,연령별 도서 배부,2020-12-31,18:00,북스타트,2020-09-06,09:00,,울산중부도서관,35.55359511,129.3215056,울산중부도서관,도서 소진시까지,052-210-6537,중부도서관어린이자료실,무료,울산광역시 중구 시계탑거리 38
26,,420913,연령별 도서 배부,2020-12-31,18:00,북스타트,2020-05-01,09:00,,울산중부도서관,35.55359511,129.3215056,울산중부도서관,,052-210-6537,중부도서관어린이자료실,무료,울산광역시 중구 시계탑거리 38
27,시니어,420912,미술,2020-11-27,12:00,시니어 미술교실,2020-09-11,10:00,,울산중부도서관,35.55359511,129.3215056,울산중부도서관,매주 금,052-210-6550,중부도서관강좌실,무료,울산광역시 중구 시계탑거리 38
28,성인,420911,타로카드,2020-11-18,12:00,타로카드 비밀의 문,2020-09-09,10:00,,울산중부도서관,35.55359511,129.3215056,울산중부도서관,매주 수,052-2010-6550,중부도서관강좌실,무료,울산광역시 중구 시계탑거리 38
29,성인,420910,영어회화,2020-11-10,12:00,생초보 영어회화,2020-09-08,10:00,,울산중부도서관,35.55359511,129.3215056,울산중부도서관,매주 화,052-2010-6550,중부도서관강좌실,무료,울산광역시 중구 시계탑거리 38
30,학생 및 일반인,420909,세계 명소를 배경으로 한 영화 상영,2020-09-27,16:00,중부도서관과 함께 시네마 세계 여행,2020-09-06,14:00,,울산중부도서관,35.55359511,129.3215056,울산중부도서관,매주 일요일,052-210-6540,중부도서관강좌실,무료,울산광역시 중구 시계탑거리 38
31,성인,420908,초등학력인정 문해교육,2020-12-31,16:00,글사랑학교,2020-06-09,14:00,,울산중부도서관,35.55359511,129.3215056,울산중부도서관,매주 화 수 목 금,052-210-6550,중부도서관강좌실,무료,울산광역시 중구 시계탑거리 38
32,,420907,동화요리,2020-09-05,16:30,동화로 배우는 다문화요리 교실,2020-07-04,14:30,,울산중부도서관,35.55359511,129.3215056,울산중부도서관,,052-210-6550,중부도서관강좌실,무료,울산광역시 중구 시계탑거리 38
33,,420906,초등학력인정 문해교육,2020-12-31,16:00,글사랑학교,2020-06-09,14:00,,울산중부도서관,35.55359511,129.3215056,울산중부도서관,,052-210-6550,중부도서관강좌실,무료,울산광역시 중구 시계탑거리 38
34,,420905,원화 전시,2020-12-31,18:00,원화전시회,2020-05-01,09:00,,울산중부도서관,35.55359511,129.3215056,울산중부도서관,,052-210-6538,중부도서관2층 갤러리,무료,울산광역시 중구 시계탑거리 38
35,영유아,420904,색동회 동화구연,2020-09-23,11:00,동화구연,2020-09-23,10:30,,울산중부도서관,35.55359511,129.3215056,울산중부도서관,매월 마지막주 수,052-210-6537,중부도서관 영유아자료실,무료,울산광역시 중구 시계탑거리 38
36,초등학생,420903,주제도서 읽고 문제풀기 정답자 추첨하여 시상,2020-09-30,18:00,독서퀴즈,2020-09-08,09:00,,울산중부도서관,35.55359511,129.3215056,울산중부도서관,매월,052-210-6538,중부도서관 영유아자료실,무료,울산광역시 중구 시계탑거리 38
37,,420902,영어그림책 읽어 주기,2020-12-31,13:00,하하호호 언니 오빠와 함께 영어그림책 읽기,2020-05-01,11:00,,울산중부도서관,35.55359511,129.3215056,울산중부도서관,,052-210-6538,중부도서관 영유아자료실,무료,울산광역시 중구 시계탑거리 38
38,,420901,영어그림책 읽어 주기,2020-12-31,15:00,애니메이션으로 배우는 톡톡(Talk-Talk)영어,2020-05-01,13:00,,울산중부도서관,35.55359511,129.3215056,울산중부도서관,,052-210-6538,중부도서관 영유아자료실,무료,울산광역시 중구 시계탑거리 38
39,,420900,"책 읽어주기, 색칠공부",2020-12-31,16:00,북도란,2020-05-01,13:00,,울산중부도서관,35.55359511,129.3215056,울산중부도서관,,052-210-6538,중부도서관 영유아자료실,무료,울산광역시 중구 시계탑거리 38
40,,420899,색동회 동화구연,2020-12-31,11:00,동화구연,2020-05-01,10:30,,울산남부도서관,35.55359511,129.3215056,울산남부도서관,,052-259-7576,중부도서관 영유아자료실,무료,울산광역시 중구 시계탑거리 38
41,,420898,주제도서 읽고 문제풀기 정답자 추첨하여 시상,2020-12-31,18:00,독서퀴즈,2020-05-01,09:00,,울산중부도서관,35.55359511,129.3215056,울산중부도서관,,052-210-6538,중부도서관 영유아자료실,무료,울산광역시 중구 시계탑거리 38
42,장애인,420897,장애인 독서회,2020-09-26,17:00,나눔독서회,2020-09-26,15:00,,울산중부도서관,35.55359511,129.3215056,울산중부도서관,넷째주 토,052-210-6535,중부도서관 독서문화실,무료,울산광역시 중구 시계탑거리 38
43,중학생,420896,중학생 독서회,2020-09-26,17:00,글나래중학생독서회,2020-09-26,15:00,,울산중부도서관,35.55359511,129.3215056,울산중부도서관,첫째주 토,052-210-6537,중부도서관 독서문화실,무료,울산광역시 중구 시계탑거리 38
44,초등학생,420895,초등 저학년 독서회,2020-09-26,13:00,별누리어린이독서회,2020-09-26,11:00,,울산중부도서관,35.55359511,129.3215056,울산중부도서관,첫째주 토,052-210-6538,중부도서관 독서문화실,무료,울산광역시 중구 시계탑거리 38
45,어르신,420894,어르신 독서회,2020-09-23,16:00,은빛독서회,2020-09-23,14:00,,울산중부도서관,35.55359511,129.3215056,울산중부도서관,매월,052-210-6534,중부도서관 독서문화실,무료,울산광역시 중구 시계탑거리 38
46,고등학생,420893,고등학생 독서회,2020-09-19,12:00,산울림고등학생독서회,2020-09-19,10:00,,울산중부도서관,35.55359511,129.3215056,울산중부도서관,셋째주 토,052-210-6537,중부도서관 독서문화실,무료,울산광역시 중구 시계탑거리 38
47,초등학생,420892,초등 고학년 독서회,2020-09-12,16:00,은하수어린이독서회,2020-09-12,14:00,,울산중부도서관,35.55359511,129.3215056,울산중부도서관,둘째주 토,052-210-6538,중부도서관 독서문화실,무료,울산광역시 중구 시계탑거리 38
48,독서회회원,420891,독서회를 토론독서회,2020-09-26,15:00,도서관주관 독서의달<리빙&토론독서회>,2020-09-12,10:00,,울산중부도서관,35.55359511,129.3215056,울산중부도서관,독서의달 행사,052-210-6539,중부도서관 독서문화실,무료,울산광역시 중구 시계탑거리 38
49,시장 상인,420890,시장상인들 대상으로 도서대출반납서비스,2020-09-17,17:00,도심 내 전통시장 책수레 책나눔,2020-09-10,14:00,,울산중부도서관,35.55359511,129.3215056,울산중부도서관,첫째 셋째 목,052-210-6534,중부도서관 독서문화실,무료,울산광역시 중구 시계탑거리 38
50,,420889,초등 고학년 독서회,2020-12-31,16:00,은하수어린이독서회,2020-05-01,14:00,,울산중부도서관,35.55359511,129.3215056,울산중부도서관,,052-210-6538,중부도서관 독서문화실,무료,울산광역시 중구 시계탑거리 38
51,,420888,어르신 독서회,2020-12-02,16:00,은빛독서회,2020-05-27,14:00,,울산중부도서관,35.55359511,129.3215056,울산중부도서관,,052-210-6534,중부도서관 독서문화실,무료,울산광역시 중구 시계탑거리 38
52,,420887,고등학생 독서회,2020-12-31,12:00,산울림고등학생독서회,2020-05-01,10:00,,울산중부도서관,35.55359511,129.3215056,울산중부도서관,,052-210-6537,중부도서관 독서문화실,무료,울산광역시 중구 시계탑거리 38
53,,420886,초등 저학년 독서회,2020-12-31,13:00,별누리어린이독서회,2020-05-01,11:00,,울산중부도서관,35.55359511,129.3215056,울산중부도서관,,052-210-6538,중부도서관 독서문화실,무료,울산광역시 중구 시계탑거리 38
54,,420885,성인 독서회,2020-12-10,12:30,디딤돌독서회,2020-05-21,10:30,,울산중부도서관,35.55359511,129.3215056,울산중부도서관,,052-210-6522,중부도서관 독서문화실,무료,울산광역시 중구 시계탑거리 38
55,,420884,시장상인들 대상으로 도서대출반납서비스,2020-12-17,17:00,도심 내 전통시장 책수레 책나눔,2020-05-21,14:00,,울산중부도서관,35.55359511,129.3215056,울산중부도서관,,052-210-6534,중부도서관 독서문화실,무료,울산광역시 중구 시계탑거리 38
56,,420883,장애인 독서회,2020-12-12,17:00,나눔독서회,2020-05-23,15:00,,울산중부도서관,35.55359511,129.3215056,울산중부도서관,,052-210-6535,중부도서관 독서문화실,무료,울산광역시 중구 시계탑거리 38
57,,420882,중학생 독서회,2020-12-31,17:00,글나래중학생독서회,2020-05-01,15:00,,울산중부도서관,35.55359511,129.3215056,울산중부도서관,,052-210-6537,중부도서관 독서문화실,무료,울산광역시 중구 시계탑거리 38
58,초등3~6학년,420881,3D 펜,2020-11-28,11:00,나도 3D 메이커,2020-09-19,10:00,,울산중부도서관,35.55359511,129.3215056,울산중부도서관,매주 토,052-2010-6550,중부도서관 강좌실,무료,울산광역시 중구 시계탑거리 38
59,초등1~2학년,420880,동화요리,2020-11-28,15:30,요리쿡 조리쿡 동화요리,2020-09-19,14:30,,울산중부도서관,35.55359511,129.3215056,울산중부도서관,매주 토,052-2010-6550,중부도서관 강좌실,무료,울산광역시 중구 시계탑거리 38
60,유아6~7세,420879,영어동요,2020-11-28,14:00,룰루랄라 영어 놀이터,2020-09-19,13:00,,울산중부도서관,35.55359511,129.3215056,울산중부도서관,매주 토,052-2010-6550,중부도서관 강좌실,무료,울산광역시 중구 시계탑거리 38
61,성인,420878,스마트폰 활용,2020-10-15,12:00,스마트폰으로 스마트하게 사는 법,2020-09-10,10:00,,울산중부도서관,35.55359511,129.3215056,울산중부도서관,매주 목,052-210-6550,중부도서관 강좌실,무료,울산광역시 중구 시계탑거리 38
62,지역주민,420877,도서전시,2020-10-01,19:00,도서관주관및 독서의달<책속에서 건강챙기기>,2020-09-08,10:00,,울산중부도서관,35.55359511,129.3215056,울산중부도서관,독서의달 행사,052-210-6537,중부도서관 3층 로비,무료,울산광역시 중구 시계탑거리 38
63,도서관 이용자,420876,원화 전시,2020-09-24,17:00,도서관주관 독서의달<원화전시회>,2020-09-08,14:00,,울산중부도서관,35.55359511,129.3215056,울산중부도서관,매월,052-210-6538,중부도서관 2층 갤러리,무료,울산광역시 중구 시계탑거리 38
64,,420875,"버스킹, 캐리커쳐",2020-12-31,17:00,원도심 오색문화아트,2020-05-09,13:00,,울산광역시 중구,35.55645546,129.3215788,울산광역시 중구,,052-290-3665,중구 문화의거리,무료,
65,,420874,"버스킹, 캐리커쳐",2020-12-31,17:00,원도심 오색문화아트,2020-05-09,13:00,,울산광역시 중구,35.55645546,129.3215788,울산광역시 중구,,052-290-3665,중구 문화의거리,무료,
66,,420873,반구대암각화고래목걸이 만들기,2020-12-31,15:30,2020년 8월 고래박물관 문화가 있는 날,2020-08-05,13:00,,남구도시관리공단(장생포고래박물관),35.502738,129.380788,남구도시관리공단(장생포고래박물관),,052-226-1932,장생포고래박물관2층 어린이체험실,무료,울산광역시 남구 장생포고래로 244
67,,420872,2020년도 특별전시,2021-02-28,18:00,"고래, 빛과 어우러지다",2020-06-23,09:00,,남구도시관리공단(장생포고래박물관),35.502738,129.380788,남구도시관리공단(장생포고래박물관),,052-256-6301,장생포고래박물관1층 기획전시실,무료,울산광역시 남구 장생포고래로 244
68,,420871,도호부사 행차 재현,2020-12-25,16:00,2020 울산도호부사 행차 재현,2020-08-01,14:00,,울산중구문화원,35.54290013,129.3270779,울산중구문화원,,052-244-2007,원도심 일원,무료,
69,,420870,도호부사 행차 재현,2020-12-25,16:00,2020 울산도호부사 행차 재현,2020-08-01,14:00,,울산중구문화원,35.54290013,129.3270779,울산중구문화원,,052-244-2007,원도심 일원,무료,
70,영유아,420869,사서가 선정한 그림책 읽어주기,2020-09-16,11:30,사서와 함께 책읽기,2020-09-16,11:00,,울주도서관,35.55843682,129.1377317,울주도서관,매월 세번째 수요일,052-255-8164,울주도서관영유아실,무료,울산광역시 울주군 언양읍 언양로 109
71,6~7세,420868,북스타트 후속 프로그램,2020-11-21,10:50,영어동화와 함께하는 story talk talk,2020-09-12,10:00,,울주도서관,35.55843682,129.1377317,울주도서관,매주 토요일,052-255-8164,울주도서관영유아실,무료,울산광역시 울주군 언양읍 언양로 109
72,도서관이용자,420867,"인문학분야 추천도서, 대출베스트 도서 목록 배부",2020-09-29,18:00,추천도서&대출베스트 목록 배부,2020-09-08,09:00,,울주도서관,35.55843682,129.1377317,울주도서관,9.8.(화)~9.29.(화),052-255-8163,울주도서관 종합자료실,무료,울산광역시 울주군 언양읍 언양로 109
73,삼남초,420866,도서 재기증,2020-09-29,15:30,행복한 책나눔,2020-09-29,15:00,,울주도서관,35.55843682,129.1377317,울주도서관,9.29.(화),052-255-8150,울주도서관 정보자료과,무료,울산광역시 울주군 언양읍 언양로 109
74,영유아,420865,색동회 동화구연,2020-09-23,11:00,재미팡팡 동화구연,2020-09-23,10:30,,울주도서관,35.55843682,129.1377317,울주도서관,매월 마지막주 수요일,052-255-8165,울주도서관 영유아실,무료,울산광역시 울주군 언양읍 언양로 109
75,30개월~5세+부모,420864,북스타트 후속 프로그램,2020-11-19,17:20,음악놀이~ 리틀 모짜르트를 위하여,2020-09-10,16:30,,울주도서관,35.55843682,129.1377317,울주도서관,매주 목요일,052-255-8164,울주도서관 영유아실,무료,울산광역시 울주군 언양읍 언양로 109
76,도서관이용자,420863,올해의 책을 대출권수 외 추가로 대출,2020-09-29,18:00,올해의 책 대출 한권 더,2020-09-08,09:00,,울주도서관,35.55843682,129.1377317,울주도서관,9.8.(화)~-9.29.(화),052-255-8160,"울주도서관 어린이실,문학실",무료,울산광역시 울주군 언양읍 언양로 109
77,도서관이용자,420862,자동대출반납기 확인증 추첨하여 경품 추천,2020-09-29,18:00,확인증으로 행운을 잡아라,2020-09-08,09:00,,울주도서관,35.55843682,129.1377317,울주도서관,9.8.(화)~9.29.(화),052-2558-8163,"울주도서관 어린이실, 문학실, 종합실",무료,울산광역시 울주군 언양읍 언양로 109
78,초등학생,420861,책 내용과 관련된 퀴즈풀기,2020-09-26,18:00,동화 보GO  퀴즈 풀GO,2020-09-18,09:00,,울주도서관,35.55843682,129.1377317,울주도서관,9.18(화)~9.26.(토),052-255-8164,울주도서관 어린이실,무료,울산광역시 울주군 언양읍 언양로 109
79,전체관람,420860,잃어버린 세계를 찾아서,2020-09-26,16:00,9월 영화상영,2020-09-26,14:00,,울주도서관,35.55843682,129.1377317,울주도서관,매주 토요일,052-255-8166,울주도서관 별관3층 시청각실,무료,울산광역시 울주군 언양읍 언양로 109
80,전체관람,420859,양말요정 휴고의 대모험,2020-09-19,16:00,9월 영화상영,2020-09-19,14:00,,울주도서관,35.55843682,129.1377317,울주도서관,매주 토요일,052-255-8166,울주도서관 별관3층 시청각실,무료,울산광역시 울주군 언양읍 언양로 109
81,초등3-5,420858,2020. 꿈다락 토요문화 학교,2020-10-31,17:00,어서와 조선은 처음이지?,2020-06-13,14:00,,"울주도서관,울산예술교육연극연구소",35.55843682,129.1377317,"울주도서관,울산예술교육연극연구소",매주 토.일요일,052-255-8172,울주도서관 별관3층 시청각실,무료,울산광역시 울주군 언양읍 언양로 109
82,,420857,2020. 꿈다락 토요문화 학교,2020-10-31,17:00,어서와 조선은 처음이지?,2020-06-13,14:00,,"울주도서관,울산예술교육연극연구소",35.55843682,129.1377317,"울주도서관,울산예술교육연극연구소",,052-255-8172,울주도서관 별관3층 시청각실,무료,울산광역시 울주군 언양읍 언양로 109
83,,420856,2020. 꿈다락 토요문화 학교,2020-10-31,17:00,어서와 조선은 처음이지?,2020-05-16,14:00,,"울주도서관,울산예술교육연극연구소",35.55843682,129.1377317,"울주도서관,울산예술교육연극연구소",,052-255-8172,울주도서관 별관3층 글나래교실,무료,울산광역시 울주군 언양읍 언양로 109
84,성인,420855,책 읽고 독서토론,2020-09-24,12:00,자운영 성인독서회,2020-09-24,10:00,,울주도서관,35.55843682,129.1377317,울주도서관,매월 마지막주 목요일,052-255-8163,울주도서관 별관2층 글나래교실,무료,울산광역시 울주군 언양읍 언양로 109
85,지역주민,420854,2020. 도서관 지혜학교,2020-11-27,17:00,시로 표현하는 내 삶의 지혜,2020-09-11,15:00,,울주도서관,35.55843682,129.1377317,울주도서관,9.11.(금)~11.27.(금),052-255-8171,울주도서관 별관2층 글나래교실,무료,울산광역시 울주군 언양읍 언양로 109
86,도서관이용자,420853,오행시 우수작10편 시상,2020-09-25,18:00,도서관 산책 오행시 공모,2020-09-08,09:00,,울주도서관,35.55843682,129.1377317,울주도서관,9.8.(화)~9.25.(금),052-255-8160,울주도서관 문학자료실,무료,울산광역시 울주군 언양읍 언양로 109
87,도서관이용자,420852,"문학분야 미대출도서 전시, 대출",2020-09-25,18:00,"잠자는 책, 첫 독자를 만나다",2020-09-08,09:00,,울주도서관,35.55843682,129.1377317,울주도서관,9.8.(화)~9.25.(금),052-255-8160,울주도서관 문학자료실,무료,울산광역시 울주군 언양읍 언양로 109
88,중학생,420851,책 읽고 독서토론,2020-09-26,16:00,책사랑 중학생 독서회,2020-09-26,14:00,,울주도서관,35.55843682,129.1377317,울주도서관,매월 네번째 토요일,052-255-8160,울주도서관 다목적실,무료,울산광역시 울주군 언양읍 언양로 109
89,다독자,420850,1년간 도서를 가장 많이 대출한 회원 시상,2020-09-19,12:00,다독자 시상,2020-09-19,10:30,,울주도서관,35.55843682,129.1377317,울주도서관,9.19.(토),052-255-8160,울주도서관 다목적실,무료,울산광역시 울주군 언양읍 언양로 109
90,초등생,420849,작은나라어린이독서회,2020-09-19,16:00,작은나라어린이독서회,2020-09-19,14:00,,울주도서관,35.55843682,129.1377317,울주도서관,매월 세째주 토요일,052-255-8164,울주도서관 다목적실,무료,울산광역시 울주군 언양읍 언양로 109
91,지역주민,420848,책 두 배로(10권) 대출,2020-09-23,18:00,두 배로 데이,2020-09-23,09:00,도서5권대출 →10권확대,울주도서관,35.55843682,129.1377317,울주도서관,매월 마지막주 수요일,052-255-8162,울주도서관 각 자료실,무료,울산광역시 울주군 언양읍 언양로 109
92,지역주민,420847,원화 액자 전시,2020-09-13,18:00,책 속 그림 전시회,2020-09-08,09:00,,울주도서관,35.55843682,129.1377317,울주도서관,마감 시 조기 종료,052-255-8163,울주도서관 3층 갤러리,무료,울산광역시 울주군 언양읍 언양로 109
93,초등1~3학년+학부모,420846,천연이끼와 자연물로 작품 만들기,2020-09-26,12:00,도서관에서 놀자,2020-09-26,10:00,,울주도서관,35.55843682,129.1377317,울주도서관,9.26.(토),052-255-8162,울주도서관 3층 갤러리,무료,울산광역시 울주군 언양읍 언양로 109
94,지역주민,420845,2020. 평생교육강좌 수강생 작품 전시회,2020-09-29,18:00,자연 꽃을 담다,2020-09-17,09:00,,울주도서관,35.55843682,129.1377317,울주도서관,9.17.(수)~9.29.(화),052-855-8172,울주도서관 3층 갤러리,무료,울산광역시 울주군 언양읍 언양로 109
95,영유아,420844,지역의 저명인사 초청 책 읽어주기,2020-09-17,11:30,명사초청 책 읽어주세요,2020-09-17,11:00,,울주도서관,35.55843682,129.1377317,울주도서관,9.17.(목),052-255-8164,울주도서관 영유아실,무료,울산광역시 울주군 언양읍 언양로 109
96,전체관람,420843,몬스터 파크,2020-09-12,16:00,9월 영화상영,2020-09-12,14:00,무료관람,울주도서관,35.55843682,129.1377317,울주도서관,매주 토요일,052-255-8166,울주도서관 별관3층 시청각실,무료,울산광역시 울주군 언양읍 언양로 109
97,유아및어린이,420842,독서관련의 다양한 그림자 레이져쇼,2020-09-12,12:00,북매직 그림자 레이져쇼,2020-09-12,11:00,,울주도서관,35.55843682,129.1377317,울주도서관,9.12.(토),052-255-8164,울주도서관 별관3층 대회의실,무료,울산광역시 울주군 언양읍 언양로 109
98,지역주민,420841,청렴 주제도서 전시,2020-09-25,18:00,청렴도서 전시,2020-09-15,09:00,,울주도서관,35.55843682,129.1377317,울주도서관,9.15.(화)~9.25.(금),052-255-8162,울주도서관 2층 복도,무료,울산광역시 울주군 언양읍 언양로 109
99,,420840,"대중음악, 실용음악 강연회",2020-10-28,20:30,울산음악창작소 음악전문가 초청 강연회,2020-05-27,18:30,,울산광역시 중구,35.55656194,129.3198056,울산광역시 중구,,052-243-9181,울산음악창작소세미나실,무료,울산광역시 중구 중앙1길 16
100,,420839,"대중음악, 실용음악 강연회",2020-10-28,20:30,울산음악창작소 음악전문가 초청 강연회,2020-05-27,18:30,,울산광역시 중구,35.55656194,129.3198056,울산광역시 중구,,052-243-9181,울산음악창작소세미나실,무료,울산광역시 중구 중앙1길 16
101,아동 동반 가족,420838,백수백복도 금박체험,2020-09-19,12:30,제19회 우리가족 HAPPY WEEKEND,2020-09-19,10:00,,울산박물관,35.527139,129.308691,울산박물관,,052-229-4722,울산박물관 체험실,무료,울산광역시 남구 두왕로 277
102,아동,420837,백수백복도 금박체험,2020-09-12,12:30,제62회 어린이 1일 박물관학교,2020-09-12,10:00,,울산박물관,35.527139,129.308691,울산박물관,,052-229-4722,울산박물관 체험실,무료,울산광역시 남구 두왕로 277
103,,420836,초등 단체 교육,2020-12-18,12:00,알라딘 램프 속 울산박물관,2020-05-25,09:30,,울산박물관,35.527139,129.308691,울산박물관,,052-229-4722,울산박물관 전시실,무료,울산광역시 남구 두왕로 277
104,아동 동반 가족,420835,전통 및 지역문화 책 만들기,2020-09-26,16:00,"제방이야기 하나, 둘, 셋",2020-09-12,14:00,,을산박물관,35.527139,129.308691,을산박물관,매주 토,052-229-4727,울산박물관 약사동제방유적전시관,무료,울산광역시 남구 두왕로 277
105,,420834,청소년 진로체험,2020-12-18,12:00,"박물관, 박물관 사람들",2020-05-25,09:30,,울산박물관,35.527139,129.308691,울산박물관,,052-229-4722,울산박물관 세미나실,무료,울산광역시 남구 두왕로 277
106,성인,420833,학술대회,2020-09-26,18:00,2020년 제8회 대곡박물관 학술대회 지리와 경관을 통해 살펴보는 울산,2020-09-26,12:45,,대곡박물관,35.527139,129.308691,대곡박물관,,052-229-4782,울산박물관 대강당,무료,울산광역시 남구 두왕로 277
107,시민 전체,420832,울산 무형문화재 관련 전시,2020-11-29,18:00,2차 특별전'기와 예를 잇다-울산의 무형문화재',2020-09-22,09:00,,울산박물관,35.527139,129.308691,울산박물관,,052-229-4732,울산박물관 기획전시실2,무료,울산광역시 남구 두왕로 277
108,시민 전체,420831,9월 문화가 있는 날 영화상영식물도감,2020-09-30,16:00,울산박물관 문화가 있는 날 영화상영,2020-09-30,14:00,,울산박물관,35.527139,129.308691,울산박물관,매달 마지막 수,052-229-4725,울산박물관 강당,무료,울산광역시 남구 두왕로 277
109,성인,420830,정원의 미학' 주제 강연,2020-10-27,16:30,울산박물관대학,2020-09-15,14:00,,울산박물관,35.527139,129.308691,울산박물관,매주 화,052-229-4721,울산박물관 강당,무료,울산광역시 남구 두왕로 277
110,성인,420829,전통음악,2020-09-27,22:00,2020 아시아퍼시픽뮤직미팅,2020-09-25,19:00,,울산문화재단,35.5428968602,129.3270732746,울산문화재단,없음,052-270-9302,"울산문화예술회관 소공연장, 야외공연장",무료,울산광역시 남구 번영로 200
111,전체,420828,울산예술지원 선정자 전시,2020-09-29,18:00,시선(視線),2020-09-23,10:00,,옥진명,35.5428968602,129.3270732746,옥진명,,052-259-7952,울산문예회관 2전시장,무료,울산광역시 남구 번영로 200
112,성인,420827,도시재생에 대해 이해하고 울산의 건축적 유산을 알아보는 강연 및 탐방,2020-09-13,16:00,2020년 길 위의 인문학,2020-09-11,14:00,,한국도서관협회,35.5584377911,129.1377330388,한국도서관협회,"금, 토, 일 / 코로나19 확산상황에 따라 일정 변경 가능",052-229-6903,"울산도서관문화교실 2, 탐방지",무료,울산광역시 울주군 언양읍 언양로 109
113,성인,420826,권비영 작가와 함께하는 문학교실,2020-12-10,16:00,울산도서관·울산인재평생교육진흥원이 함께하는 글쓰기 인문학,2020-09-10,14:00,,"울산도서관, 울산인재평생교육진흥원",35.5584377911,129.1377330388,"울산도서관, 울산인재평생교육진흥원",매주 목 / 코로나19 확산상황에 따라 일정 변경 가능,052-229-6903,울산도서관문화교실 2,무료,울산광역시 울주군 언양읍 언양로 109
114,성인,420825,러시아문학 주요 작품을 통한 중요 주제 및 질문에 대한 사유,2020-11-25,17:00,2020년 도서관 지혜학교,2020-09-09,14:00,,한국출판문화산업진흥원,35.5584377911,129.1377330388,한국출판문화산업진흥원,매주 수 / 코로나19 확산상황에 따라 일정 변경 가능,052-229-6903,울산도서관문화교실 1,무료,울산광역시 울주군 언양읍 언양로 109
115,,420824,테마별 또는 온가족이 함께하는 영화 상영,2020-12-31,16:00,영화상영,2020-01-01,14:00,,울산도서관,35.53254338,129.3445634,울산도서관,,052-229-6905,울산도서관 종합영상실,무료,울산광역시 남구 꽃대나리로 140
116,,420823,책을 읽고 재미있는 독후활동을 통해 독서에 대해 흥미유발하는 독서회,2020-12-20,12:00,알짜배기,2020-05-31,10:00,,울산도서관,35.53254338,129.3445634,울산도서관,,052-229-6906,울산도서관 2층 문화교실4,무료,울산광역시 남구 꽃대나리로 140
117,,420822,책을 읽고 토론을 통해 사고의 폭을 넓히는 독서회,2020-12-20,12:00,책잇수다,2020-05-31,10:00,,울산도서관,35.53254338,129.3445634,울산도서관,,052-229-6906,울산도서관 2층 문화교실3,무료,울산광역시 남구 꽃대나리로 140
118,성인,420821,"베테랑 여행작가의 여행 이야기 코로나시대 언텍트 여행의 대표 테마, 캠핑의 모든 것",2020-09-26,16:00,9월 독서의 달 행사,2020-09-26,14:00,,울산도서관,35.53254338,129.3445634,울산도서관,코로나19로 상황에 따라 변경 가능,052-229-6905,울산도서관 2층 문화교실1,무료,울산광역시 남구 꽃대나리로 140
119,어린이,420820,여행 클레이 마그넷 만들기,2020-09-19,11:50,9월 독서의 달 행사,2020-09-19,10:00,,울산도서관,35.53254338,129.3445634,울산도서관,코로나19로 상황에 따라 변경 가능,052-229-6905,울산도서관 2층 문화교실1,무료,울산광역시 남구 꽃대나리로 140
120,성인,420819,알밤소풍 김지안 작가와의 만남,2020-09-12,16:00,9월 독서의 달 행사,2020-09-12,14:00,,울산도서관,35.53254338,129.3445634,울산도서관,코로나19로 상황에 따라 변경 가능,052-229-6905,울산도서관 2층 문화교실1,무료,울산광역시 남구 꽃대나리로 140
121,어린이,420818,원예로 만나는 가을,2020-09-12,11:30,9월 독서의 달 행사,2020-09-12,10:00,,울산도서관,35.53254338,129.3445634,울산도서관,코로나19로 상황에 따라 변경 가능,052-229-6905,울산도서관 2층 문화교실1,무료,울산광역시 남구 꽃대나리로 140
122,성인,420817,가을愛커피,2020-09-08,16:00,9월 독서의 달 행사,2020-09-08,14:00,,울산도서관,35.53254338,129.3445634,울산도서관,코로나19로 상황에 따라 변경 가능,052-229-6905,울산도서관 2층 문화교실1,무료,울산광역시 남구 꽃대나리로 140
123,,420816,종교의 탄생,2020-09-10,21:00,2기 인문학 아카데미,2020-08-13,19:00,,울산도서관,35.53254338,129.3445634,울산도서관,,052-229-6903,울산도서관 2층 문화교실 1,무료,울산광역시 남구 꽃대나리로 140
124,울산시민,420815,영화 모아나 상영,2020-09-26,17:00,9월 독서의 달 행사,2020-09-26,14:00,,울산도서관,35.53254338,129.3445634,울산도서관,코로나19로 상황에 따라 변경 가능,052-229-6906,울산도서관 1층 종합영상실,무료,울산광역시 남구 꽃대나리로 140
125,울산시민,420814,영화 펭귄: 위대한 모험2 상영,2020-09-23,17:00,9월 독서의 달 행사,2020-09-23,14:00,,울산도서관,35.53254338,129.3445634,울산도서관,코로나19로 상황에 따라 변경 가능,052-229-6906,울산도서관 1층 종합영상실,무료,울산광역시 남구 꽃대나리로 140
126,울산시민,420813,영화 니모를 찾아서 상영,2020-09-19,17:00,9월 독서의 달 행사,2020-09-19,14:00,,울산도서관,35.53254338,129.3445634,울산도서관,코로나19로 상황에 따라 변경 가능,052-229-6906,울산도서관 1층 종합영상실,무료,울산광역시 남구 꽃대나리로 140
127,울산시민,420812,영화 뷰티인사이드 상영,2020-09-16,17:00,9월 독서의 달 행사,2020-09-16,14:00,,울산도서관,35.53254338,129.3445634,울산도서관,코로나19로 상황에 따라 변경 가능,052-229-6906,울산도서관 1층 종합영상실,무료,울산광역시 남구 꽃대나리로 140
128,울산시민,420811,영화 업 상영,2020-09-12,17:00,9월 독서의 달 행사,2020-09-12,14:00,,울산도서관,35.53254338,129.3445634,울산도서관,코로나19로 상황에 따라 변경 가능,052-229-6906,울산도서관 1층 종합영상실,무료,울산광역시 남구 꽃대나리로 140
129,울산시민,420810,영화 남자들만의 여행 상영,2020-09-09,17:00,9월 독서의 달 행사,2020-09-09,14:00,,울산도서관,35.53254338,129.3445634,울산도서관,코로나19로 상황에 따라 변경 가능,052-229-6906,울산도서관 1층 종합영상실,무료,울산광역시 남구 꽃대나리로 140
130,울산시민,420809,울산도서관과 울산대가 함께하는 기획전시,2020-09-27,18:00,9월 독서의 달 행사,2020-09-08,09:00,,울산도서관,35.53254338,129.3445634,울산도서관,코로나19로 상황에 따라 변경 가능,052-229-6904,울산도서관 1층 전시실,무료,울산광역시 남구 꽃대나리로 140
131,누구나,420808,울산대 디자인건축융합대학 및 예술대학 작품 32점 전시,2020-09-27,18:00,지역대학과 함께하는 콜라보 전시,2020-09-08,09:00,,"울산도서관, 울산대학교",35.53254338,129.3445634,"울산도서관, 울산대학교",코로나19로 상황에 따라 변경 가능,052-229-6904,울산도서관 1층 전시실,무료,울산광역시 남구 꽃대나리로 140
132,울산시민,420807,책읽는 그대에게 행운을 (도서 대출자 대상 포춘쿠키 증정 행사),2020-09-26,17:30,9월 문화가 있는 날,2020-09-26,09:00,,울산도서관,35.53254338,129.3445634,울산도서관,코로나19 확산으로 인해 취소된 8월 계획 행사 시행 예정코로나19로 상황에 따라 변경 가능,052-229-6906,울산도서관 1층 로비,무료,울산광역시 남구 꽃대나리로 140
133,울산시민,420806,동화로 떠나는 클래식 여행  이상한 나라의 앨리스 공연,2020-09-26,12:00,9월 독서의 달 행사,2020-09-26,11:00,,울산도서관,35.53254338,129.3445634,울산도서관,코로나19로 상황에 따라 변경 가능,052-229-6905,울산도서관 1층 다목적홀,무료,울산광역시 남구 꽃대나리로 140
134,울산시민,420805,어린이 뮤지컬 알라딘 공연,2020-09-12,11:20,9월 독서의 달 행사,2020-09-12,10:30,,울산도서관,35.53254338,129.3445634,울산도서관,코로나19로 상황에 따라 변경 가능,052-229-6905,울산도서관 1층 다목적홀,무료,울산광역시 남구 꽃대나리로 140
135,울산시민,420804,도서관 스탬프 투어,2020-09-22,18:00,9월 독서의 달 행사,2020-09-12,09:00,,울산도서관,35.53254338,129.3445634,울산도서관,코로나19로 상황에 따라 변경 가능,052-229-6905,울산도서관,무료,울산광역시 남구 꽃대나리로 140
136,,420803,"각종 문화 공연 및 행사, 영화상영 등",2020-12-31,16:00,문화가 있는 날,2020-01-01,14:00,,울산도서관,35.53254338,129.3445634,울산도서관,,052-229-6905,울산도서관,무료,울산광역시 남구 꽃대나리로 140
137,초등 전학련,420802,초등학생 독서퀴즈,2020-09-26,17:00,어린이독서퀴즈,2020-09-01,09:00,,울산남부도서관,35.5359156467,129.2949966443,울산남부도서관,매월,052-259-7582,울산남부도서관어린이실(1층),무료,울산광역시 남구 거마로 13번길 6
138,전체,420801,곰돌이 푸 다시 만나 행복해,2020-09-13,15:44,인성시네마 영화상영,2020-09-13,14:00,,울산남부도서관,35.5359156467,129.2949966443,울산남부도서관,일,052-259-7591,울산남부도서관시청각실(지하1층),무료,울산광역시 남구 거마로 13번길 6
139,전체,420800,와와의 학교 가는 날,2020-09-12,15:28,주말영화 상영,2020-09-12,14:00,,울산남부도서관,35.5359156467,129.2949966443,울산남부도서관,토,052-259-7591,울산남부도서관시청각실(지하1층),무료,울산광역시 남구 거마로 13번길 6
140,15세이상,420799,꾸뻬씨의 행복여행,2020-09-06,15:59,직업시네마 영화상영,2020-09-06,14:00,,울산남부도서관,35.5359156467,129.2949966443,울산남부도서관,일,052-259-7591,울산남부도서관시청각실(지하1층),무료,울산광역시 남구 거마로 13번길 6
141,전체,420798,신밧드 7대양의 전설,2020-09-05,15:27,주말영화 상영,2020-09-05,14:00,,울산남부도서관,35.5359156467,129.2949966443,울산남부도서관,토,052-259-7591,울산남부도서관시청각실(지하1층),무료,울산광역시 남구 거마로 13번길 6
142,"유아, 아빠",420797,"동화구연, 독서체험 등",2020-09-26,11:50,아빠와 함께하는 도서관 세상,2020-09-12,11:00,,울산남부도서관,35.5359156467,129.2949966443,울산남부도서관,"둘째,넷째 토",052-259-7576,울산남부도서관시청각실(지하),무료,울산광역시 남구 거마로 13번길 6
143,시니어,420796,도란도란 동화구연,2020-11-20,12:00,하반기 평생교육강좌,2020-09-18,10:00,,울산남부도서관,35.5359156467,129.2949966443,울산남부도서관,금,052-259-7561,울산남부도서관교육문화관(1층),무료,울산광역시 남구 거마로 13번길 6
144,일반성인,420795,4차 산업혁명 시대의 독서 비법과 글쓰기,2020-11-26,16:00,하반기 평생교육강좌,2020-09-17,14:00,,울산남부도서관,35.5359156467,129.2949966443,울산남부도서관,목,052-259-7561,울산남부도서관교육문화관(1층),무료,울산광역시 남구 거마로 13번길 6
145,일반성인,420794,역사 속의 건축 기행,2020-11-12,12:00,하반기 평생교육강좌,2020-09-17,10:00,,울산남부도서관,35.5359156467,129.2949966443,울산남부도서관,목,052-259-7561,울산남부도서관교육문화관(1층),무료,울산광역시 남구 거마로 13번길 6
146,직장인,420793,나만 알고 싶은 스마트폰 활용법 노하우,2020-11-25,21:00,하반기 평생교육강좌,2020-09-16,19:00,,울산남부도서관,35.5359156467,129.2949966443,울산남부도서관,수,052-259-7561,울산남부도서관교육문화관(1층),무료,울산광역시 남구 거마로 13번길 6
147,일반성인,420792,스토리가 있는 정원 만들기,2020-11-11,16:00,하반기 평생교육강좌,2020-09-16,14:00,,울산남부도서관,35.5359156467,129.2949966443,울산남부도서관,수,052-259-7561,울산남부도서관교육문화관(1층),무료,울산광역시 남구 거마로 13번길 6
148,일반성인,420791,영화와 함께하는 가족의 발견,2020-11-25,12:00,하반기 평생교육강좌,2020-09-16,10:00,,울산남부도서관,35.5359156467,129.2949966443,울산남부도서관,수,052-259-7561,울산남부도서관교육문화관(1층),무료,울산광역시 남구 거마로 13번길 6
149,일반성인,420790,쉽게 배워 활요하는 사주명리학,2020-11-17,16:00,하반기 평생교육강좌,2020-09-15,14:00,,울산남부도서관,35.5359156467,129.2949966443,울산남부도서관,화,052-259-7561,울산남부도서관교육문화관(1층),무료,울산광역시 남구 거마로 13번길 6
150,일반성인,420789,스토리텔링 자서전 아카데미,2020-11-17,12:00,하반기 평생교육강좌,2020-09-15,10:00,,울산남부도서관,35.5359156467,129.2949966443,울산남부도서관,화,052-259-7561,울산남부도서관교육문화관(1층),무료,울산광역시 남구 거마로 13번길 6
151,"대학생,취준생",420788,어디든 통하는 자소서 & 면접 합격 기술,2020-10-28,21:00,하반기 평생교육강좌,2020-09-16,19:00,,울산남부도서관,35.5359156467,129.2949966443,울산남부도서관,수,052-259-7561,울산남부도서관교양강좌1실(1층),무료,울산광역시 남구 거마로 13번길 6
152,청소년,420787,중학생 독서토론,2020-09-12,17:00,한마음독서회,2020-09-12,15:00,,울산남부도서관,35.5359156467,129.2949966443,울산남부도서관,매월셋째토,052-259-7553,울산남부도서관교양강좌1실(1층),무료,울산광역시 남구 거마로 13번길 6
153,도서관 이용자,420786,최영숙 개인전 展,2020-09-29,18:00,내 마음에 꽃을 담다,2020-09-15,9:00,,울산남부도서관,35.5359156467,129.2949966443,울산남부도서관,매월,052-259-7572,울산남부도서관1층로비,무료,울산광역시 남구 거마로 13번길 6
154,유아,420785,"영어스토리텔링, 과학실험,손유희",2020-09-12,12:00,영어스토리텔링,2020-09-12,11:30,,울산남부도서관,35.5359156467,129.2949966443,울산남부도서관,매월 둘째주토,052-259-7576,울산남부도서관 영유아자료실(1층),무료,울산광역시 남구 거마로 13번길 6
155,유아,420784,두뇌발달 오감놀이,2020-09-24,11:50,북스타트 후속 프로그램,2020-09-10,11:00,,울산남부도서관,35.5359156467,129.2949966443,울산남부도서관,매주 목,052-259-7576,울산남부도서관 영유아자료실(1층),무료,울산광역시 남구 거마로 13번길 6
156,유아,420783,엄마랑 아이랑 그림책 여행,2020-10-21,16:50,북스타트 후속 프로그램,2020-09-09,16:00,,울산남부도서관,35.5359156467,129.2949966443,울산남부도서관,매주 수,052-259-7576,울산남부도서관 영유아자료실(1층),무료,울산광역시 남구 거마로 13번길 6
157,유아,420782,이야기클래식: 리틀 모짜르트를 위하여,2020-10-20,17:30,북스타트 후속 프로그램,2020-09-08,16:40,,울산남부도서관,35.5359156467,129.2949966443,울산남부도서관,매주 화,052-259-7576,울산남부도서관 영유아자료실(1층),무료,울산광역시 남구 거마로 13번길 6
158,유아,420781,그림책 들려주기,2020-09-26,15:30,할머니가 들려주시는 이야기 보따리,2020-09-26,15:00,,울산남부도서관,35.5359156467,129.2949966443,울산남부도서관,매월 마지막 토,052-259-7576,울산남부도서관 영유아자료실(1층),무료,울산광역시 남구 거마로 13번길 6
159,유아,420780,"동화책 들려주기, 손유희, 율동",2020-09-23,16:30,동화구연,2020-09-23,16:00,,울산남부도서관,35.5359156467,129.2949966443,울산남부도서관,매월 마지막수,052-259-7576,울산남부도서관 영유아자료실(1층),무료,울산광역시 남구 거마로 13번길 6
160,전체,420779,티모시 그린의 이상한 삶,2020-09-27,15:45,인성시네마 영화상영,2020-09-27,14:00,,울산남부도서관,35.5359156467,129.2949966443,울산남부도서관,일,052-259-7591,울산남부도서관 시청각실(지하1층),무료,울산광역시 남구 거마로 13번길 6
161,12세이상,420778,나의 특별한 형제,2020-09-26,15:54,주말영화 상영,2020-09-26,14:00,,울산남부도서관,35.5359156467,129.2949966443,울산남부도서관,토,052-259-7591,울산남부도서관 시청각실(지하1층),무료,울산광역시 남구 거마로 13번길 6
162,12세이상,420777,소수의견,2020-09-23,16:00,수요영화,2020-09-23,14:00,,울산남부도서관,35.5359156467,129.2949966443,울산남부도서관,매월 마지막수,052-259-7572,울산남부도서관 시청각실(지하1층),무료,울산광역시 남구 거마로 13번길 6
163,12세이상,420776,맨 오브 마스크,2020-09-20,15:57,직업시네마 영화상영,2020-09-20,14:00,,울산남부도서관,35.5359156467,129.2949966443,울산남부도서관,일,052-259-7591,울산남부도서관 시청각실(지하1층),무료,울산광역시 남구 거마로 13번길 6
164,15세이상,420775,이프 온리,2020-09-18,15:36,라온누림시네마토론회,2020-09-18,14:00,,울산남부도서관,35.5359156467,129.2949966443,울산남부도서관,금,052-259-7591,울산남부도서관 시청각실(지하1층),무료,울산광역시 남구 거마로 13번길 6
165,유아,420774,[동화뮤지컬]아기 도깨비와 노래 주머니,2020-09-12,16:00,가족과 함께하는 어린이 공연,2020-09-12,15:00,,울산남부도서관,35.5359156467,129.2949966443,울산남부도서관,토,052-259-7576,울산남부도서관 시청각실(지하),무료,울산광역시 남구 거마로 13번길 6
166,청소년,420773,고등학생 독서토론,2020-09-26,16:00,프라이드고등학생독서회,2020-09-26,14:00,,울산남부도서관,35.5359156467,129.2949966443,울산남부도서관,매월네번째 토,052-259-7578,울산남부도서관 세미나실(2층),무료,울산광역시 남구 거마로 13번길 6
167,일반성인,420772,"나를 위로하는 날, 힐링 숲체험",2020-09-24,21:00,도서관 길 위의 인문학,2020-09-22,19:00,,울산남부도서관,35.5359156467,129.2949966443,울산남부도서관,"화,목",052-259-7561,울산남부도서관 교육문화관(1층),무료,울산광역시 남구 거마로 13번길 6
168,초 3-4,420771,생각 근육 키우기 하브루타 독서토론,2020-10-31,16:00,하반기 평생교육강좌,2020-09-19,14:00,,울산남부도서관,35.5359156467,129.2949966443,울산남부도서관,토,052-259-7561,울산남부도서관 교육문화관(1층),무료,울산광역시 남구 거마로 13번길 6
169,초등4~6,420770,초등학생 독서토론,2020-09-19,17:00,꿈초롱어린이독서회,2020-09-19,15:00,,울산남부도서관,35.5359156467,129.2949966443,울산남부도서관,매월셋째토,052-259-7582,울산남부도서관 교양강좌1실(1층),무료,울산광역시 남구 거마로 13번길 6
170,초 1-2,420769,FunFun English,2020-10-31,12:00,하반기 평생교육강좌,2020-09-19,10:00,,울산남부도서관,35.5359156467,129.2949966443,울산남부도서관,토,052-259-7561,울산남부도서관 교양강좌1실(1층),무료,울산광역시 남구 거마로 13번길 6
171,성인,420768,성인독서토론,2020-09-09,12:00,꿈터독서회,2020-09-09,10:00,,울산남부도서관,35.5359156467,129.2949966443,울산남부도서관,매월둘째수,052-259-7580,울산남부도서관            세미나실(2층),무료,울산광역시 남구 거마로 13번길 6
172,,420767,문인화 15점 내외(주제:''태화강변 이야기 3),2020-09-03,11:30,한숙자 작가 초대전,2020-08-12,10:00,,울산과학관,35.54008881,129.2683755,울산과학관,,052-220-1715,울산과학관갤럭시갤러리,무료,울산광역시 남구 남부순환도로 111(옥동)
173,,420766,3D코딩 메이커 개발자양성과정,2020-09-05,12:00,무한상상실 방학 특별프로그램,2020-08-08,09:30,,울산과학관,35.54008881,129.2683755,울산과학관,,052-220-1714,울산과학관 메이커교육실,무료,울산광역시 남구 남부순환도로 111(옥동)
174,전연령,420765,미술,2020-09-29,19:00,[대관전시] 제30회 울산한국화회 교류전,2020-09-25,10:00,,울산한국화회,35.5428968602,129.3270732746,울산한국화회,,,울산 문화예술회관 제4전시장,무료,울산광역시 남구 번영로 200
175,전연령,420764,미술,2020-09-29,19:00,[대관전시] 울산환경미술협회 회원전,2020-09-24,10:00,,울산환경미술협회,35.5428968602,129.3270732746,울산환경미술협회,,,울산 문화예술회관 제3전시장,무료,울산광역시 남구 번영로 200
176,전연령,420763,사진,2020-09-29,19:00,[대관전시] 제12회 옥진명 사진전,2020-09-25,10:00,,개 인 (옥진명),35.5428968602,129.3270732746,개 인 (옥진명),,,울산 문화예술회관 제2전시장,무료,울산광역시 남구 번영로 200
177,전연령,420762,미술,2020-09-23,19:00,[대관전시] 울산·부산·거제 현대미술 교류전,2020-09-19,10:00,,울산현대미술작가회,35.5428968602,129.3270732746,울산현대미술작가회,,,울산 문화예술회관 제1·2·3·4전시장,무료,울산광역시 남구 번영로 200
178,전연령,420761,혼합,2020-09-27,19:00,[대관전시] 아시아 퍼시픽 뮤직미팅,2020-09-25,10:00,,시 문화예술과(울산문화재단),35.5428968602,129.3270732746,시 문화예술과(울산문화재단),,052-270-9302,울산 문화예술회관  제1전시장,무료,울산광역시 남구 번영로 200
179,지역주민,420760,2020 글나래학교 시화 전시회,2020-09-29,18:00,"문해, 꽃길이 되다",2020-09-17,09:00,,울주도서관,35.5514991825,129.1386315328,울주도서관,9.17.(수)~9.29.(화),052-255-8171,울산 ktx역사 1층 로비,무료,울산광역시 울주군 삼남면 울산역로 177
180,일반성인,420759,하브루타 독서코칭(2급 자격증/ 비대면 온라인 강의),2020-09-22,16:00,하브루타 독서코칭(자격증) 과정,2020-07-14,14:00,,울주도서관,35.5584377911,129.1377330388,울주도서관,매주 화요일,052-255-8171,온라인강의 및 울주도서관,무료,울산광역시 울주군 언양읍 언양로 109
181,전체,420758,울산예술지원 선정자 공연,2020-09-10,20:30,테너 이지윤 독창회,2020-09-10,19:30,,이지윤,35.5428968602,129.3270732746,이지윤,,052-259-7952,예술문화회관아트홀,무료,울산광역시 남구 번영로 200
182,도서관이용자,420757,대출 정지 해제 및 대출 권수 두배로 확대,2020-09-23,18:00,문화가 있는 날,2020-09-23,09:00,,염포양정도서관,35.53186875,129.3939227,염포양정도서관,매달 마지막주 수요일,052-241-7450,염포양정도서관 자료실,무료,울산광역시 북구 염포로 685-1
183,,420756,대출 정지 해제 및 대출 권수 두배로 확대,2020-12-30,18:00,문화가 있는 날,2020-05-27,09:00,,염포양정도서관,35.53186875,129.3939227,염포양정도서관,,052-241-7450,염포양정도서관 자료실,무료,울산광역시 북구 염포로 685-1
184,,420755,대출 정지 해제 및 대출 권수 두배로 확대,2020-12-30,18:00,문화가 있는 날,2020-05-27,09:00,,울산과학관,35.53186875,129.3939227,염포양정도서관,,052-220-1714,염포양정도서관 자료실,무료,울산광역시 북구 염포로 685-1
185,성인,420754,매달 주제 도서를 읽고 독서토론,2020-09-17,11:50,아지랑이 독서회,2020-09-17,10:00,,염포양정도서관,35.53186875,129.3939227,염포양정도서관,매월 셋째주 목요일,052-241-7450,염포양정도서관 다목적실,무료,울산광역시 북구 염포로 685-1
186,성인,420753,「이야기가 꽃피는 그림책 세상」 강연,2020-11-27,12:00,2020 도서관 길 위의 인문학,2020-08-19,10:00,,한국도서관협회,35.53186875,129.3939227,한국도서관협회,"매주 수, 금",052-241-7450,염포양정도서관 다목적실,무료,울산광역시 북구 염포로 685-1
187,초등 1~3학년,420752,아트 앤 하트 미술,2020-09-25,16:50,여름학기 교육문화프로그램,2020-07-24,16:00,,염포양정도서관,35.53186875,129.3939227,염포양정도서관,매수 금,052-241-7450,염포양정도서관 다목적실,무료,울산광역시 북구 염포로 685-1
188,초등 1~3학년,420751,다독다독 독서교실,2020-09-23,16:50,여름학기 교육문화프로그램,2020-07-22,16:00,,염포양정도서관,35.53186875,129.3939227,염포양정도서관,매주 수,052-241-7450,염포양정도서관 다목적실,무료,울산광역시 북구 염포로 685-1
189,성인,420750,시낭송 교실,2020-09-22,11:50,여름학기 교육문화프로그램,2020-07-21,10:00,,염포양정도서관,35.53186875,129.3939227,염포양정도서관,매주 화,052-241-7450,염포양정도서관 다목적실,무료,울산광역시 북구 염포로 685-1
190,성인,420749,문화와 예술이 있는 옛길' 주제 현장답사,2020-09-25,18:00,2020년 답사프로그램,2020-09-18,14:00,,울산박물관,35.527139,129.308691,울산박물관,매주 금,052-229-4721,"언양, 병영 일원",무료,울산광역시 남구 두왕로 277
191,전체,420748,울산예술지원 선정단체 전시,2020-09-21,18:00,"식민지구 2020 - 오 염 (전, 아시아환경미술전)",2020-09-12,10:00,,(사) 민족미술인협회 울산지회,35.5566199684,129.3213369665,(사) 민족미술인협회 울산지회,,052-259-7952,어라운드울산,무료,울산광역시 중구 문화의거리 33
192,전체,420747,울산예술지원 선정자 전시,2020-09-10,18:00,정사빈 저 2회 개인전 - 기억(Memory)과 오기억(Paramnesia),2020-09-04,10:00,,정사빈,35.5566199684,129.3213369665,정사빈,,052-259-7952,어라운드 울산,무료,울산광역시 중구 문화의거리 33
193,성인,420746,음악,2020-09-27,22:00,[대관공연] 2020 에이팜(아시아퍼시픽 뮤직미팅),2020-09-27,15:00,,(재)울산문화재단,35.5428968602,129.3270732746,(재)울산문화재단,객석띄어앉기,052-270-9302,울산문화예술회관 야외공연장,무료,울산광역시 남구 번영로 200
194,성인,420745,음악,2020-09-26,22:00,[대관공연] 2020 에이팜(아시아퍼시픽 뮤직미팅),2020-09-26,19:40,,(재)울산문화재단,35.5428968602,129.3270732746,(재)울산문화재단,객석띄어앉기,052-270-9302,울산문화예술회관 야외공연장,무료,울산광역시 남구 번영로 200
195,성인,420744,음악,2020-09-25,22:00,[대관공연] 2020 에이팜(아시아퍼시픽 뮤직미팅),2020-09-25,19:00,,(재)울산문화재단,35.5428968602,129.3270732746,(재)울산문화재단,객석띄어앉기,052-270-9302,울산문화예술회관 야외공연장,무료,울산광역시 남구 번영로 200
196,성인,420743,콘서트,2020-09-23,22:00,[상설] 뒤 란,2020-09-23,19:30,,문화예술회관/ubc울산방송,35.5428968602,129.3270732746,문화예술회관/ubc울산방송,객석띄어앉기,052-275-9623,울산문화예술회관 야외공연장,무료,울산광역시 남구 번영로 200
197,어린이(6세 이상),420742,티슈페이퍼 아트,2020-09-20,11:00,숲속의 박물관 학교<낙서와 예술 사이>,2020-09-08,10:00,,암각화박물관,35.6080607234,129.1705538883,암각화박물관,"둘째, 넷째 화·목요일",052-229-4792,암각화박물관상설전시실 2층,무료,울산광역시 울주군 두동면 반구대안길 254
198,누구나,420741,선사시대 여인상 전시,2020-10-04,18:00,"2020년 암각화박물관 작은전시<선사여인, 반구대에 피어나다>",2020-05-12,09:00,,암각화박물관,35.6080607234,129.1705538883,암각화박물관,,052-229-4792,암각화박물관 특별기획전시실,무료,울산광역시 울주군 두동면 반구대안길 254
199,어린이(6세 이상),420740,천전리암각화 문양에코백 만들기,2020-09-29,11:00,어린이 체험 프로그램<꼬꼬마 에코백 디자이너: 천전리암각화편>,2020-09-29,10:00,,암각화박물관,35.6080607234,129.1705538883,암각화박물관,매월 마지막주 수요일,052-229-4792,암각화박물관 상설전시실 2층,무료,울산광역시 울주군 두동면 반구대안길 254
200,누구나,420739,대곡천 답사(천전리각석 또는 반구대암각화),2020-09-23,12:00,흘리고 홀리고 살리고(대곡천 답사),2020-09-09,10:00,,암각화박물관,35.6080607234,129.1705538883,암각화박물관,매주 수요일(마지막주 수요일 제외),052-229-4792,암각화박물관 및 대곡천 일대,무료,울산광역시 울주군 두동면 반구대안길 254
201,전체,420738,울산예술지원 선정자 전시,2020-09-27,18:00,말을 빚는 도서관,2020-09-21,10:00,,박미경,35.5561915,129.3221142,박미경,,052-259-7952,아트스페이스 그루,무료,울산광역시 중구 중앙길 158
202,전체,420737,울산예술지원 선정자 전시,2020-09-19,18:00,한효정 개인전 - 꿈을 새기다 전 -,2020-09-06,10:00,,한효정,35.5561915,129.3221142,한효정,,052-259-7952,아트스페이스 그루,무료,울산광역시 중구 중앙길 158
203,,420736,2020 울산예술지원사업,2020-09-04,18:00,말을 빚는 도서관,2020-08-29,10:00,,박미경,35.5561915,129.3221142,박미경,,052-259-7952,아트스페이스 그루,무료,울산광역시 중구 중앙길 158
204,성인,420735,이론강의,2020-09-12,18:00,울산 지역문화전문인력 양성과정,2020-09-12,09:00,,울산문화재단,35.5381213100,129.3043745328,울산문화재단,상시(비대면 방식),052-259-7913,아르코공연연습센터,무료,울산광역시 남구 거마로134번길 20
205,성인,420734,이론강의,2020-09-05,18:00,울산 지역문화전문인력 양성과정,2020-09-05,09:00,,울산문화재단,35.5381213100,129.3043745328,울산문화재단,상시(비대면 방식),052-259-7913,아르코공연연습센터,무료,울산광역시 남구 거마로134번길 20
206,,420733,찾아가는 역사교육,2020-12-18,10:10,찾아가는 박물관교실,2020-05-25,08:40,,울산박물관,35.527139,129.308691,울산박물관,,052-229-4722,신청 학급,무료,울산광역시 남구 두왕로 277
207,,420732,여행이 우리에게 안겨주는 것,2020-09-10,15:30,2020년 여행특화프로그램,2020-08-20,14:00,,신복도서관,35.55136637,129.2553298,신복도서관,,052-226-2362,신복도서관 2층 시청각실,무료,울산광역시 남구 신복로72번길 18-13
208,일반,420731,스마트도서관 도서대출 이용자에게 선물증정,2020-09-30,00:00,나는야 생활 속 스마트 이용자,2020-09-01,00:00,,울산동부도서관,35.5282046580,129.4250753128,울산동부도서관,소진시까지,052-241-2381,스마트도서관,무료,울산광역시 동구 봉수로 505
209,성인,420730,음악,2020-09-27,22:00,[대관공연] 2020 에이팜(아시아퍼시픽 뮤직미팅),2020-09-27,15:40,,(재)울산문화재단,35.5428968602,129.3270732746,(재)울산문화재단,객석띄어앉기,052-270-9302,소공연장,무료,울산광역시 남구 번영로 200
210,성인,420729,음악,2020-09-26,22:00,[대관공연] 2020 에이팜(아시아퍼시픽 뮤직미팅),2020-09-26,19:00,,(재)울산문화재단,35.5428968602,129.3270732746,(재)울산문화재단,객석띄어앉기,052-270-9302,소공연장,무료,울산광역시 남구 번영로 200
211,성인,420728,음악,2020-09-25,22:00,[대관공연] 2020 에이팜(아시아퍼시픽 뮤직미팅),2020-09-25,19:40,,(재)울산문화재단,35.5428968602,129.3270732746,(재)울산문화재단,객석띄어앉기,052-270-9302,소공연장,무료,울산광역시 남구 번영로 200
212,성인,420727,클래식,2020-09-22,21:00,[대관공연] 제4회 비방앙상블 정기연주회,2020-09-22,19:30,,비바앙상블,35.5428968602,129.3270732746,비바앙상블,객석띄어앉기,,소공연장,무료,울산광역시 남구 번영로 200
213,전체,420726,울산예술지원 선정자 전시,2020-09-25,18:00,자연공감전,2020-09-05,10:00,,이선애,35.4582341229,129.1787183434,이선애,,052-259-7952,선갤러리문화관,무료,울산광역시 울주군 웅촌면 정주권로 338
214,전체,420725,울산예술지원 선정단체 공연(전통),2020-09-18,20:30,"음악에 미치고, 소리에 미치고, 춤사위에 미친 전통연희 큰마당 不廣不及(불광불급) 2",2020-09-18,19:00,,풍물예술단 버슴새,35.56120571,129.1313615,풍물예술단 버슴새,,052-259-7951,서울주문화센터,무료,울산광역시 울주군 언양읍 언양로 40-7
215,,420724,2020 공연장상주단체 육성지원사업,2020-11-20,20:30,버슴새의 점입가경(漸入佳境) 프로젝트(Project) <시즈널(四季)>,2020-08-21,19:00,,풍물예술단 버슴새,35.56120571,129.1313615,풍물예술단 버슴새,,052-259-7951,서울주문화센터,유료,울산광역시 울주군 언양읍 언양로 40-7
216,비문해성인,420723,초등학력인정 문자해득프로그램 2기 3단계,2021-02-26,11:30,초등학력인정 문자해득교육 프로그램,2020-06-09,9:30,,울주도서관,35.570339,129.125873,울주도서관,"매주 화,목,금",052-255-8171,서부종합사회복지관,무료,울산광역시 울주군 언양읍 읍성로 169
217,,420722,초등학력인정 문자해득프로그램 2기 3단계,2020-12-31,11:30,초등학력인정 문자해득교육 프로그램,2020-05-12,09:30,,서부종합사회복지관,35.570339,129.125873,서부종합사회복지관,,,서부종합사회복지관,무료,울산광역시 울주군 언양읍 읍성로 169
218,전체,420721,2020 우리가락 우리마당,2020-09-20,19:00,우리가락 우리마당 '소풍날',2020-09-12,18:00,,울산국악협회,35.5428968602,129.3270732746,울산국악협회,,052-259-7952,삼호교 야외상설무대,무료,울산광역시 남구 번영로 200(달동)
219,아동,420720,체험,2020-09-30,18:00,토요 어린이 체험학습,2020-09-01,08:00,,대곡박물관,35.5428968602,129.3270732746,대곡박물관,마감 시 조기종료,052-229-4781,비대면 체험(자택으로 교구재 발송),무료,울산광역시 남구 번영로 200(달동)
220,전체,420719,울산예술지원 선정자 전시,2020-09-18,18:00,井(우물) 사진전,2020-09-13,10:00,,이순남,35.5428968602,129.3270732746,이순남,,052-259-7952,북구문화예술회관,무료,울산광역시 남구 번영로 200(달동)
221,전체,420718,울산예술지원 선정단체 공연(음악),2020-09-12,19:30,오페라 극장<마술피리>,2020-09-12,18:30,,울산오페라단,35.5428968602,129.3270732746,울산오페라단,,052-259-7951,북구문화예술회관,무료,울산광역시 남구 번영로 200(달동)
222,전체,420717,울산예술지원 선정단체 전시,2020-09-29,18:00,"울산한국화회 30주년 기획 전시 '울산.제주.영남,한국화 동행전'",2020-09-25,10:00,,울산한국화회,35.5428968602,129.3270732746,울산한국화회,,052-259-7952,문화예술회관 4전시장,무료,울산광역시 남구 번영로 200(달동)
223,누구나,420716,팝업북 도서 전시회,2020-09-29,18:00,"독서의 달 행사'나의 울림, 세계의 열림, 함께 어울림'",2020-09-01,08:00,,명촌어린이도서관,35.5551407029,129.3553517675,명촌어린이도서관,매일,052-241-7460,명촌어린이도서관영유아자료실,무료,울산광역시 북구 명촌12길 11(명촌동)
224,아동,420715,"떨림과 울림, 물새소리피리 만들기",2020-09-17,17:50,"독서의 달 행사'나의 울림, 세계의 열림, 함께 어울림'",2020-09-17,16:30,,명촌어린이도서관,35.5551407029,129.3553517675,명촌어린이도서관,1일 특강,052-241-7460,명촌어린이도서관동아리실,무료,울산광역시 북구 명촌12길 11(명촌동)
225,누구나,420714,나눔행사쉬링크 아트 열쇠고리 배부,2020-09-12,18:00,"독서의 달 행사'나의 울림, 세계의 열림, 함께 어울림'",2020-09-12,13:00,,명촌어린이도서관,35.5551407029,129.3553517675,명촌어린이도서관,마감 시 조기종료,052-241-7460,명촌어린이도서관동아리실,무료,울산광역시 북구 명촌12길 11(명촌동)
226,성인,420713,"힐링, 마음을 나누는 미술심리",2020-09-10,12:00,"독서의 달 행사'나의 울림, 세계의 열림, 함께 어울림'",2020-09-10,10:00,,명촌어린이도서관,35.5551407029,129.3553517675,명촌어린이도서관,1일 특강,052-241-7460,명촌어린이도서관동아리실,무료,울산광역시 북구 명촌12길 11(명촌동)
227,아동,420712,"어울림, 북구의 책으로 만들다",2020-09-06,16:00,"독서의 달 행사'나의 울림, 세계의 열림, 함께 어울림'",2020-09-06,14:00,,명촌어린이도서관,35.5551407029,129.3553517675,명촌어린이도서관,1일 특강,052-241-7460,명촌어린이도서관동아리실,무료,울산광역시 북구 명촌12길 11(명촌동)
228,아동,420711,하브루타 독서수업,2020-09-25,17:20,여름학기 교육문화프로그램,2020-07-24,16:30,,명촌어린이도서관,35.5551407029,129.3553517675,명촌어린이도서관,매주 금,052-241-7460,명촌어린이도서관동아리실,무료,울산광역시 북구 명촌12길 11(명촌동)
229,아동,420710,상사나라 종이마을,2020-09-23,17:20,여름학기 교육문화프로그램,2020-07-22,16:30,,명촌어린이도서관,35.5551407029,129.3553517675,명촌어린이도서관,매주 수,052-241-7460,명촌어린이도서관동아리실,무료,울산광역시 북구 명촌12길 11(명촌동)
230,성인,420709,그림책 영어,2020-09-22,11:20,여름학기 교육문화프로그램,2020-07-21,10:30,,명촌어린이도서관,35.5551407029,129.3553517675,명촌어린이도서관,매주 화,052-241-7460,명촌어린이도서관동아리실,무료,울산광역시 북구 명촌12길 11(명촌동)
231,아동,420708,클레이와 토탈공예,2020-09-22,18:00,여름학기 교육문화프로그램,2020-07-21,16:30,,명촌어린이도서관,35.5551407029,129.3553517675,명촌어린이도서관,매주 화,052-241-7460,명촌어린이도서관동아리실,무료,울산광역시 북구 명촌12길 11(명촌동)
232,누구나,420707,과년호 잡지 나눔,2020-09-12,14:00,"독서의 달 행사'나의 울림, 세계의 열림, 함께 어울림'",2020-09-12,13:00,,명촌어린이도서관,35.5551407029,129.3553517675,명촌어린이도서관,,052-241-7460,명촌문화센터1층 로비,무료,울산광역시 북구 명촌12길 11(명촌동)
233,가족,420706,"너는 소리, 그림책 콘서트'신유미 작가와의 만남",2020-09-26,15:30,인문학 강좌,2020-09-26,14:00,,명촌어린이도서관,35.5551407029,129.3553517675,명촌어린이도서관,1일 특강,052-241-7460,명촌문화센터 대회의실,무료,울산광역시 북구 명촌12길 11(명촌동)
234,초등 1~3학년,420705,도자기 페인팅 체험 내 손으로 만드는 내그릇,2020-09-13,12:00,독서의 달 프로그램,2020-09-13,10:00,,매곡도서관,35.6465055798,129.3588976969,매곡도서관,일,052-241-7470,매곡도서관3층 다목적실,무료,"울산광역시 북구 매곡로 138-19(매곡동,795-35번지)"
235,초등 1~6학년,420704,클레이와 토탈공예,2020-09-26,12:00,여름학기 교육문화프로그램,2020-09-12,10:30,수강료 무료,매곡도서관,35.6465055798,129.3588976969,매곡도서관,매주 토,052-241-7470,매곡도서관3층 다목적실,무료,"울산광역시 북구 매곡로 138-19(매곡동,795-35번지)"
236,성인,420703,생활 속 talk 영어회화,2020-09-24,12:00,여름학기 교육문화프로그램,2020-09-10,10:30,수강료 무료,매곡도서관,35.6465055798,129.3588976969,매곡도서관,매주 목,052-241-7470,매곡도서관3층 다목적실,유료,"울산광역시 북구 매곡로 138-19(매곡동,795-35번지)"
237,초등 1~6학년,420702,조물조물 한국사 만들기,2020-09-23,17:30,여름학기 교육문화프로그램,2020-09-09,16:20,수강료 무료,매곡도서관,35.6465055798,129.3588976969,매곡도서관,매주 수,052-241-7470,매곡도서관3층 다목적실,유료,"울산광역시 북구 매곡로 138-19(매곡동,795-35번지)"
238,성인,420701,어반스케치,2020-09-23,12:00,여름학기 교육문화프로그램,2020-09-09,10:30,수강료 무료,매곡도서관,35.6465055798,129.3588976969,매곡도서관,매주 수,052-241-7470,매곡도서관3층 다목적실,유료,"울산광역시 북구 매곡로 138-19(매곡동,795-35번지)"
239,"유아 6~7세,초등 1~3학년",420700,북스타트 보물상자+책날개 꾸러미 배부,2020-09-30,18:00,독서의 달 프로그램,2020-09-05,11:00,,매곡도서관,35.6465055798,129.3588976969,매곡도서관,"매일, 마감 시 조기 종료",052-241-7470,매곡도서관1층 어린이자료실,무료,"울산광역시 북구 매곡로 138-19(매곡동,795-35번지)"
240,누구나,420699,"[밥,춤] 원화 전시",2020-09-24,18:00,램프갤러리 그림책 원화 전시,2020-09-08,09:00,,매곡도서관,35.6465055798,129.3588976969,매곡도서관,매일,052-241-7470,매곡도서관 자료실 램프갤러리,무료,"울산광역시 북구 매곡로 138-19(매곡동,795-35번지)"
241,성인,420698,나를 알아가는 커피와 타로 이야기,2020-09-08,12:00,독서의 달 프로그램,2020-09-08,10:00,,매곡도서관,35.6465055798,129.3588976969,매곡도서관,화,052-241-7470,매곡도서관 3층 다목적실,무료,"울산광역시 북구 매곡로 138-19(매곡동,795-35번지)"
242,가족,420697,올해의 책 속 인상깊은 문장을 홈페이지에 추천하는 이용자에게 선물증정(선착순 50명),2020-09-30,00:00,[온라인] 슬기로운 문장수집 생활- 올해의 책 속 한 줄 발견,2020-09-11,00:00,,울산동부도서관,35.5282046580,129.4250753128,울산동부도서관,온라인 운영,052-241-2384,동부도서관(홈페이지),무료,울산광역시 동구 봉수로 505
243,가족,420696,어린이 주제도서전시(※주제: 풍성한 가을이 왔어요/우리 우리 추석에는),2020-09-29,00:00,[온라인] 도서관 속 북큐레이션,2020-09-01,00:00,,울산동부도서관,35.5282046580,129.4250753128,울산동부도서관,온라인 운영,052-241-2361,동부도서관(홈페이지),무료,울산광역시 동구 봉수로 505
244,아동,420695,다양한 주제의 키워드 도서 빙고판 완성하면 선물증정(선착순 100명),2020-09-29,00:00,[온라인] 도전 책빙고,2020-09-01,00:00,,울산동부도서관,35.5282046580,129.4250753128,울산동부도서관,온라인 운영,052-241-2631,동부도서관(홈페이지),무료,울산광역시 동구 봉수로 505
245,일반,420694,책 제목 십자말 퍼즐 풀고 응모,2020-09-20,00:00,[온라인] 가로 세로 책 제목을 찾아라,2020-09-01,00:00,,울산동부도서관,35.5282046580,129.4250753128,울산동부도서관,온라인 운영,052-241-2381,동부도서관(홈페이지),무료,울산광역시 동구 봉수로 505
246,가족,420693,[아주 아주 센 모기약이 발명된다면] 그림책 원화전시,2020-09-25,00:00,[온라인] 주제가 있는 전시회,2020-09-01,00:00,,울산동부도서관,35.5282046580,129.4250753128,울산동부도서관,온라인 운영,052-241-2342,동부도서관(홈페이지 온라인 전시),무료,울산광역시 동구 봉수로 505
247,"장애인,일반인",420692,"장애인,일반인 대상 독서토론모임『당신이 옳다』 을 읽고 독서토론",2020-09-12,16:00,어울림독서회,2020-09-12,14:00,,울산동부도서관,35.5282046580,129.4250753128,울산동부도서관,두번째 토,052-241-2371,동부도서관(평생교육강좌실2),무료,울산광역시 동구 봉수로 505
248,일반,420691,팝아트로 만나는 초상화,2020-09-16,17:00,원데이클래스로 만나는워라밸 프로젝트,2020-09-16,15:00,,울산동부도서관,35.5282046580,129.4250753128,울산동부도서관,"세번째,네번째 수요일",052-241-2342,동부도서관(평생교육강좌실1),무료,울산광역시 동구 봉수로 505
249,가족,420690,공공도서관에서 권하는 <9월 추천도서> 목록 배부,2020-09-29,18:00,도서관에서 권하는 도서목록 배부,2020-09-01,09:00,,울산동부도서관,35.5282046580,129.4250753128,울산동부도서관,,052-241-2381,"동부도서관(종합실, 어린이실)",무료,울산광역시 동구 봉수로 505
250,아동,420689,고등학생 자원봉사로 영어동화책 읽어주기,2020-09-27,15:30,영어 멘토와 함께하는 신나는 스토리텔링,2020-09-13,14:30,,울산동부도서관,35.5282046580,129.4250753128,울산동부도서관,"두번째,네번째 일",052-241-2362,동부도서관(영유아자료실),무료,울산광역시 동구 봉수로 505
251,아동,420688,사서가 직접 그림책 읽어주기,2020-09-13,11:30,책 읽어주는 사서,2020-09-13,11:00,,울산동부도서관,35.5282046580,129.4250753128,울산동부도서관,두번째 일,052-241-2362,동부도서관(영유아자료실),무료,울산광역시 동구 봉수로 505
252,아동,420687,고등학생 자원봉사로 재미있는 그림책 1:1로 읽어주기,2020-09-26,16:00,북멘토~ 책 읽어 주세요,2020-09-12,14:00,,울산동부도서관,35.5282046580,129.4250753128,울산동부도서관,"두번째,네번째 토",052-241-2362,동부도서관(영유아자료실),무료,울산광역시 동구 봉수로 505
253,유아,420686,그림책 읽고 음악 놀이 활동,2020-09-26,11:00,다독다독 책놀이터,2020-09-12,10:00,,울산동부도서관,35.5282046580,129.4250753128,울산동부도서관,매주 토,052-241-2361,동부도서관(영유아자료실),무료,울산광역시 동구 봉수로 505
254,일반,420685,영화처럼독서회 회원「서칭 포 슈가맨」 관람 후 토론,2020-09-15,12:00,영화처럼 독서회,2020-09-15,10:00,,울산동부도서관,35.5282046580,129.4250753128,울산동부도서관,세번째 화,052-241-2384,동부도서관(시청각실),무료,울산광역시 동구 봉수로 505
255,가족,420684,마이 리틀 자이언트,2020-09-13,16:00,세상 어디에도 없는 '원작의 맛'소설원작 영화상영,2020-09-13,14:00,,울산동부도서관,35.5282046580,129.4250753128,울산동부도서관,"매주 토,일",052-241-2384,동부도서관(시청각실),무료,울산광역시 동구 봉수로 505
256,가족,420683,펭귄 하이웨이,2020-09-12,16:00,세상 어디에도 없는 '원작의 맛'소설원작 영화상영,2020-09-12,14:00,,울산동부도서관,35.5282046580,129.4250753128,울산동부도서관,"매주 토,일",052-241-2384,동부도서관(시청각실),무료,울산광역시 동구 봉수로 505
257,일반,420682,일반 대상 독서토론모임「오만과 편견」을 읽고 독서 토론,2020-09-10,12:00,글사랑독서회,2020-09-10,10:00,,울산동부도서관,35.5282046580,129.4250753128,울산동부도서관,두번째 목,052-241-2382,동부도서관(세미나실),무료,울산광역시 동구 봉수로 505
258,아동,420681,초등4~6학년대상 독서회(「우주로 가는 계단」 읽고 독서토론),2020-09-19,16:00,동화마을독서회,2020-09-19,14:00,,울산동부도서관,35.5282046580,129.4250753128,울산동부도서관,세번째 토,052-241-2361,동부도서관 (평생교육강좌실2),무료,울산광역시 동구 봉수로 505
259,가족,420680,알록달록 오색 송편 만들기,2020-09-26,16:00,가족과 함께하는 꼼지락 문화공작소,2020-09-26,14:00,,울산동부도서관,35.5282046580,129.4250753128,울산동부도서관,"세번째, 네번째 토요일",052-241-2342,동부도서관 (평생교육강좌실1),무료,울산광역시 동구 봉수로 505
260,일반,420679,"달콤한 유혹, 마카롱 만들기",2020-09-23,17:00,원데이클래스로 만나는워라밸 프로젝트,2020-09-23,15:00,,울산동부도서관,35.5282046580,129.4250753128,울산동부도서관,"세번째,네번째 수요일",052-241-2342,동부도서관 (평생교육강좌실1),무료,울산광역시 동구 봉수로 505
261,가족,420678,우리 가족 도서관가방 만들기,2020-09-19,16:00,가족과 함께하는 꼼지락 문화공작소,2020-09-19,14:00,,울산동부도서관,35.5282046580,129.4250753128,울산동부도서관,"세번째, 네번째 토요일",052-241-2342,동부도서관 (평생교육강좌실1),무료,울산광역시 동구 봉수로 505
262,아동,420677,동화구연 및  손유희활동,2020-09-23,16:30,동화구연,2020-09-23,16:00,,울산동부도서관,35.5282046580,129.4250753128,울산동부도서관,마지막 주 수요일,052-241-2362,동부도서관 (영유아자료실),무료,울산광역시 동구 봉수로 505
263,가족,420676,미션 추적놀이를 통한 도서관 체험 및 달빛 책 운동회,2020-09-18,22:00,독서가족캠프 '심야 도서관 탐방대',2020-09-18,19:00,,울산동부도서관,35.5282046580,129.4250753128,울산동부도서관,,052-241-2361,동부도서관 (어린이실),무료,울산광역시 동구 봉수로 505
264,가족,420675,나미야 잡화점의 기적,2020-09-27,16:00,세상 어디에도 없는 '원작의 맛'소설원작 영화상영,2020-09-27,14:00,,울산동부도서관,35.5282046580,129.4250753128,울산동부도서관,"매주 토,일",052-241-2384,동부도서관 (시청각실),무료,울산광역시 동구 봉수로 505
265,가족,420674,로빈슨 크루소,2020-09-26,16:00,세상 어디에도 없는 '원작의 맛'소설원작 영화상영,2020-09-26,14:00,,울산동부도서관,35.5282046580,129.4250753128,울산동부도서관,"매주 토,일",052-241-2384,동부도서관 (시청각실),무료,울산광역시 동구 봉수로 505
266,가족,420673,개를 훔치는 완벽한 방법,2020-09-20,16:00,세상 어디에도 없는 '원작의 맛'소설원작 영화상영,2020-09-20,14:00,,울산동부도서관,35.5282046580,129.4250753128,울산동부도서관,"매주 토,일",052-241-2384,동부도서관 (시청각실),무료,울산광역시 동구 봉수로 505
267,가족,420672,시간을 달리는 소녀,2020-09-19,16:00,세상 어디에도 없는 '원작의 맛'소설원작 영화상영,2020-09-19,14:00,,울산동부도서관,35.5282046580,129.4250753128,울산동부도서관,"매주 토,일",052-241-2384,동부도서관 (시청각실),무료,울산광역시 동구 봉수로 505
268,가족,420671,창의력과 리더십을 키워주는 참여형 마술공연,2020-09-19,12:00,가족공연 '씩씩이 아저씨의 키즈매직쇼',2020-09-19,11:00,,울산동부도서관,35.5282046580,129.4250753128,울산동부도서관,,052-241-2361,동부도서관 (시청각실),무료,울산광역시 동구 봉수로 505
269,가족,420670,그림 전시(아동학대 예방 관련),2020-09-08,17:00,그리다100가지말상처,2020-09-08,14:00,,동구청,35.5050697141,129.4164300357,동구청,,052-209-3323,동구청 1층 전시관,무료,울산광역시 동구 봉수로 155
270,일반성인,420669,"나를 위로하는 날, 힐링 숲체험",2020-09-26,17:00,도서관 길 위의 인문학,2020-09-26,10:00,,울산남부도서관,35.5359156467,129.2949966443,울산남부도서관,토,052-259-7561,대운산 숲환경 탐방,무료,울산광역시 남구 거마로 13번길 6
271,성인,420668,음악,2020-09-22,21:00,[시립합창] 제115회 정기공연,2020-09-22,19:30,,시립예술단,35.5428968602,129.3270732746,시립예술단,객석띄어앉기,052-275-9623,대공연장,무료,울산광역시 남구 번영로 200(달동)
272,"성인, 아동, 가족",420667,체험,2020-10-04,17:00,2020년 대곡박물관 추석 세시풍속 체험행사,2020-09-30,09:00,,대곡박물관,35.61909805,129.1691902,대곡박물관,,052-229-4781,대곡박물관 관내외,무료,울산광역시 울주군 두동면 서하천전로 257
273,성인,420666,강좌,2020-09-30,17:00,2020년 태화강 유역 역사문화 알기 및 문화가 있는 날 행사,2020-09-30,14:00,,대곡박물관,35.61909805,129.1691902,대곡박물관,매월 마지막 주 수,052-229-4782,대곡박물관 관내외,무료,울산광역시 울주군 두동면 서하천전로 257
274,,420665,체험학습,2020-12-31,12:00,어린이 고고학,2020-05-19,10:30,,대곡박물관,35.61909805,129.1691902,대곡박물관,,052-229-4781,대곡박물관 관내외,무료,울산광역시 울주군 두동면 서하천전로 257
275,,420664,강좌 및 답사,2020-12-30,18:00,2020년 태화강 유역 역사문화 알기 및 문화가 있는 날 행사,2020-05-27,09:00,,대곡박물관,35.61909805,129.1691902,대곡박물관,,052-229-4782,대곡박물관 관내외,무료,울산광역시 울주군 두동면 서하천전로 257
276,"성인, 아동, 가족",420663,전시,2020-10-25,18:00,2020년 대곡박물관 1차 특별전숲과 나무가 알려주는 울산 역사,2020-06-02,9:00,,대곡박물관,35.61909805,129.1691902,대곡박물관,,052-229-4781,대곡박물관 관내,무료,울산광역시 울주군 두동면 서하천전로 257
277,,420662,전시,2020-10-25,18:00,2020년 대곡박물관 1차 특별전숲과 나무가 알려주는 울산광역시 역사,2020-06-02,09:00,,대곡박물관,35.61909805,129.1691902,대곡박물관,,052-229-4781,대곡박물관 관내,무료,울산광역시 울주군 두동면 서하천전로 257
278,누구나,420661,원화 전시 「조랑말과 나」,2019-09-20,18:00,독서의 달 행사,2020-09-01,09:00,,농소3동도서관,35.6330915883,129.3355818194,농소3동도서관,독서의 달 행사,052-241-7440,농소3동도서관 어린이자료실,무료,울산광역시 북구 아진1로 47(천곡동 421-12)
279,누구나,420660,과년호 잡지 나눔 행사,2020-09-26,17:00,독서의 달 행사,2020-09-26,16:00,,농소3동도서관,35.6330915883,129.3355818194,농소3동도서관,독서의 달 행사,052-241-7440,농소3동도서관 로비,무료,울산광역시 북구 아진1로 47(천곡동 421-12)
280,누구나,420659,「책 속 한 구절 소개하기」,2020-09-29,18:00,독서의 달 행사,2020-09-04,09:00,,농소3동도서관,35.6330915883,129.3355818194,농소3동도서관,독서의 달 행사,052-241-7440,농소3동도서관 로비,무료,울산광역시 북구 아진1로 47(천곡동 421-12)
281,초등학생,420658,잠자는 책으로 만들어보는「업사이클링 팝업북」,2020-09-27,16:00,독서의 달 행사,2020-09-27,14:00,,농소3동도서관,35.6330915883,129.3355818194,농소3동도서관,독서의 달 행사,052-241-7440,농소3동도서관 다목적실,무료,울산광역시 북구 아진1로 47(천곡동 421-12)
282,누구나,420657,최동익 여행작가와의 만남「빼빼가족 버스 몰고 세계여행」,2020-09-19,15:30,독서의 달 행사,2020-09-19,14:00,,농소3동도서관,35.6330915883,129.3355818194,농소3동도서관,독서의 달 행사,052-241-7440,농소3동도서관 다목적실,무료,울산광역시 북구 아진1로 47(천곡동 421-12)
283,초등학생,420656,책표지 에코백 만들기「선량한 차별주의자」,2020-09-12,18:00,독서의 달 행사,2020-09-12,16:30,,농소3동도서관,35.6330915883,129.3355818194,농소3동도서관,독서의 달 행사,052-241-7440,농소3동도서관 다목적실,무료,울산광역시 북구 아진1로 47(천곡동 421-12)
284,초등학생,420655,"스트링아트「드림캐처, 좋은 꿈을 선물합니다」",2020-09-09,18:00,독서의 달 행사,2020-09-09,16:30,,농소3동도서관,35.6330915883,129.3355818194,농소3동도서관,독서의 달 행사,052-241-7440,농소3동도서관 다목적실,무료,울산광역시 북구 아진1로 47(천곡동 421-12)
285,초등학생,420654,생각이 자라는 독서교실,2020-09-26,18:30,여름학기 교육문화프로그램,2020-09-05,17:00,"재료비10,000원",농소3동도서관,35.6330915883,129.3355818194,농소3동도서관,매주 토,052-241-7440,농소3동도서관 다목적실,유료,울산광역시 북구 아진1로 47(천곡동 421-12)
286,초등학생,420653,안녕 세계사 여행,2020-09-25,16:50,여름학기 교육문화프로그램,2020-09-04,16:00,"재료비17,500원",농소3동도서관,35.6330915883,129.3355818194,농소3동도서관,매주 금,052-241-7440,농소3동도서관 다목적실,유료,울산광역시 북구 아진1로 47(천곡동 421-12)
287,초등학생,420652,점핑클레이와 토탈공예,2020-09-24,17:20,여름학기 교육문화프로그램,2020-09-03,16:30,"재료비25,000원",농소3동도서관,35.6330915883,129.3355818194,농소3동도서관,매주 목,052-241-7440,농소3동도서관 다목적실,유료,울산광역시 북구 아진1로 47(천곡동 421-12)
288,초등학생,420651,"역사야, 놀자",2020-09-22,17:20,여름학기 교육문화프로그램,2020-09-01,16:30,"재료비14,000원",농소3동도서관,35.6330915883,129.3355818194,농소3동도서관,매주 화,052-241-7440,농소3동도서관 다목적실,유료,울산광역시 북구 아진1로 47(천곡동 421-12)
289,청소년,420650,청소년 북스타트 꾸러미 배부,2020-09-29,18:00,북스타트 책날개 꾸러미 배부,2020-09-01,09:00,,농소1동도서관,35.6291975793,129.3545195813,농소1동도서관,매일,052-241-7430,농소1동도서관자료실,무료,울산광역시 북구 동대 15길 27
290,누구나,420649,교육문화프로그램 「꽃그림 천아트」 수강생 작품 전시,2020-09-29,18:00,옷감의 결 : 「꽃그림 천아트」수강생 작품 전시,2020-09-01,09:00,,농소1동도서관,35.6291975793,129.3545195813,농소1동도서관,매일,052-241-7430,농소1동도서관 자료실,무료,울산광역시 북구 동대 15길 27
291,누구나,420648,"책의 서명, 저자명에 '결'이라는 단어를 찾아 봄",2020-09-22,18:00,특명 책의 결을 찾아라,2020-09-01,09:00,,농소1동도서관,35.6291975793,129.3545195813,농소1동도서관,매일,052-241-7430,농소1동도서관 자료실,무료,울산광역시 북구 동대 15길 27
292,누구나,420647,우리지역에 관련된 퀴즈를 풀어 봄,2020-09-20,18:00,"우리 지역 바로 알기 퀴즈「어서와, 울산 북구는 처음이지?」",2020-09-01,09:00,,농소1동도서관,35.6291975793,129.3545195813,농소1동도서관,매일,052-241-7430,농소1동도서관 자료실,무료,울산광역시 북구 동대 15길 27
293,아동,420646,독서의 달 행사로 역사수업과 체험활동을 병행,2020-09-13,11:30,역사의 물결 2 : 6·25 그날의 기억,2020-09-13,10:00,,농소1동도서관,35.6291975793,129.3545195813,농소1동도서관,1회,052-241-7430,농소1동도서관 3층 다목적실,무료,울산광역시 북구 동대 15길 27
294,아동,420645,표지와 캐릭터를 활용한 에코백 꾸미기,2020-09-19,16:00,함께 읽는 북구의 책「선량한 차별주의자」로 에코백 꾸미기,2020-09-12,14:00,,농소1동도서관,35.6291975793,129.3545195813,농소1동도서관,매주 일,052-241-7430,농소1동도서관 3층 다목적실,무료,울산광역시 북구 동대 15길 27
295,성인,420644,흙의 부드러운 결을 느끼며 도자기 소품 만들기,2020-09-16,12:00,흙의 결 : 도자기 공방,2020-09-09,10:00,,농소1동도서관,35.6291975793,129.3545195813,농소1동도서관,매주 수,052-241-7430,농소1동도서관 3층 다목적실,무료,울산광역시 북구 동대 15길 27
296,성인,420643,꽃그림 천아트,2020-08-28,11:30,여름학기 교육문화프로그램,2020-08-21,10:00,"재료비15,000원",농소1동도서관,35.6291975793,129.3545195813,농소1동도서관,매주 금,052-241-7430,농소1동도서관 3층 다목적실,유료,울산광역시 북구 동대 15길 27
297,성인,420642,독서치료,2020-08-27,12:00,여름학기 교육문화프로그램,2020-08-20,10:00,,농소1동도서관,35.6291975793,129.3545195813,농소1동도서관,매주 목,052-241-7430,농소1동도서관 3층 다목적실,무료,울산광역시 북구 동대 15길 27
298,누구나,420641,북스타트 책날개 꾸러미 배부,2019-09-29,18:00,독서의 달 행사,2020-09-01,09:00,,기적의도서관,35.6621630642,129.3365153722,기적의도서관,매일,052-241-7420,기적의도서관 자료실,무료,울산광역시 북구 이화5길 29-13
299,누구나,420640,우리 지역 바로 알기 퀴즈,2020-09-20,18:00,독서의 달 행사,2020-09-01,09:00,,기적의도서관,35.6621630642,129.3365153722,기적의도서관,추첨 : 9. 23.(수),052-241-7420,기적의도서관 자료실,무료,울산광역시 북구 이화5길 29-13
300,누구나,420639,[이파리로 그릴까] 원화 액자 전시,2020-08-19,18:00,원화아트프린트 액자 전시,2020-08-01,09:00,,기적의도서관,35.6621630642,129.3365153722,기적의도서관,매일,052-241-7420,기적의도서관 자료실,무료,울산광역시 북구 이화5길 29-13
301,성인,420638,업사이클링 양말목공예,2020-09-29,12:00,독서의 달 행사,2020-09-29,10:00,"재료비5,000원",기적의도서관,35.6621630642,129.3365153722,기적의도서관,1회,052-241-7420,기적의도서관 다목적실,유료,울산광역시 북구 이화5길 29-13
302,초등 1~3학년,420637,[선량한 차별주의자] 책표지 그리기,2020-09-18,17:30,독서의 달 행사,2020-09-18,16:00,,기적의도서관,35.6621630642,129.3365153722,기적의도서관,1회,052-241-7420,기적의도서관 다목적실,무료,울산광역시 북구 이화5길 29-13
303,초등 3~6학년,420636,[나를 쫓는 천 개의 눈] 유설화 작가와의 만남,2020-09-13,15:30,독서의 달 행사,2020-09-13,14:00,,기적의도서관,35.6621630642,129.3365153722,기적의도서관,1회,052-241-7420,기적의도서관 다목적실,무료,울산광역시 북구 이화5길 29-13
304,6세~7세,420635,"몸 튼튼 마음 튼튼, 어린이 요가",2020-09-09,16:40,독서의 달 행사,2020-09-09,16:00,,기적의도서관,35.6621630642,129.3365153722,기적의도서관,1회,052-241-7420,기적의도서관 다목적실,무료,울산광역시 북구 이화5길 29-13
305,초등 3~6학년,420634,원리 한자,2020-09-26,15:30,여름학기 교육문화프로그램,2020-09-05,14:40,"교재비10,000원",기적의도서관,35.6621630642,129.3365153722,기적의도서관,매주 토,052-241-7420,기적의도서관 다목적실,유료,울산광역시 북구 이화5길 29-13
306,초등 3~6학년,420633,한국사 보물찾기,2020-09-26,14:20,여름학기 교육문화프로그램,2020-09-05,13:30,"교재비10,000원",기적의도서관,35.6621630642,129.3365153722,기적의도서관,매주 토,052-241-7420,기적의도서관 다목적실,유료,울산광역시 북구 이화5길 29-13
307,초등 1~3학년,420632,WeDo와 함께 하는 로봇코딩,2020-09-26,11:00,여름학기 교육문화프로그램,2020-09-05,09:30,"재료비50,000원",기적의도서관,35.6621630642,129.3365153722,기적의도서관,매주 토,052-241-7420,기적의도서관 다목적실,유료,울산광역시 북구 이화5길 29-13
308,초등 1~3학년,420631,미술과 그림한마당,2020-09-22,17:50,여름학기 교육문화프로그램,2020-09-01,17:00,"재료비7,000원",기적의도서관,35.6621630642,129.3365153722,기적의도서관,매주 화,052-241-7420,기적의도서관 다목적실,유료,울산광역시 북구 이화5길 29-13
309,성인,420630,엄마아빠가 읽어주는 영어그림책,2020-09-22,11:30,여름학기 교육문화프로그램,2020-09-01,10:00,,기적의도서관,35.6621630642,129.3365153722,기적의도서관,매주 화,052-241-7420,기적의도서관 다목적실,무료,울산광역시 북구 이화5길 29-13
310,,420629,"어린이연극, 마임, 가요 등",2020-12-31,16:00,찾아가는 행복드림 문화음악회,2020-05-16,14:30,,울산광역시 중구,35.54829658,129.300894,울산광역시 중구,,052-290-3664,공룡발자국공원(토)태화강국가정원(일),무료,
311,,420628,"어린이연극, 마임, 가요 등",2020-12-31,16:00,찾아가는 행복드림 문화음악회,2020-05-16,14:30,,울산광역시 중구,35.5627508,129.3059002,울산광역시 중구,,052-290-3664,공룡발자국공원(토)태화강국가정원(일),무료,
